02/01/2013 00:00:00,162.795,164.135,162.725,163.5,-1
03/01/2013 00:00:00,163.06,163.27,159.965,160.04,-1
04/01/2013 00:00:00,159.08,160.635,157.55,160.36,-1
07/01/2013 00:00:00,160.35,160.655,159.095,159.645,-1
08/01/2013 00:00:00,159.9,160.995,159.795,160.59,-1
09/01/2013 00:00:00,160.985,161.36,159.905,160.33,-1
10/01/2013 00:00:00,160.775,162.555,160.645,162.05,-1
11/01/2013 00:00:00,161.88,162.375,160.115,160.89,-1
14/01/2013 00:00:00,161.455,162.17,161.135,161.61,-1
15/01/2013 00:00:00,162.935,163.515,162.29,163.065,-1
16/01/2013 00:00:00,162.495,163.025,162.055,162.66,-1
17/01/2013 00:00:00,163.015,164.295,161.38,163.43,-1
18/01/2013 00:00:00,163.665,164.15,162.975,163.075,-1
22/01/2013 00:00:00,163.86,164.215,162.825,164.135,-1
23/01/2013 00:00:00,163.72,164.165,162.86,162.86,-1
24/01/2013 00:00:00,162.815,162.9,161.125,161.265,-1
25/01/2013 00:00:00,161.56,161.88,160.315,160.825,-1
28/01/2013 00:00:00,161.285,161.285,159.945,160.57,-1
29/01/2013 00:00:00,161.3,161.425,160.685,161.17,-1
30/01/2013 00:00:00,161.33,163.045,160.86,162.41,-1
31/01/2013 00:00:00,162.17,162.995,160.505,161.045,-1
01/02/2013 00:00:00,161.07,162.87,160.795,161.495,-1
04/02/2013 00:00:00,161.24,162.415,160.705,161.795,-1
05/02/2013 00:00:00,162.005,163.32,161.33,161.845,-1
06/02/2013 00:00:00,161.775,162.625,161.29,162.39,-1
07/02/2013 00:00:00,162.26,162.96,160.925,161.735,-1
08/02/2013 00:00:00,161.91,162.71,161.205,161.44,-1
11/02/2013 00:00:00,161.245,161.665,159.02,159.16,-1
12/02/2013 00:00:00,159.115,160.055,158.42,159.935,-1
13/02/2013 00:00:00,159.44,160.26,158.775,159.065,-1
14/02/2013 00:00:00,158.875,159.72,158.055,158.31,-1
15/02/2013 00:00:00,158.14,158.93,154.585,155.66,-1
19/02/2013 00:00:00,155.945,156.585,154.925,155.575,-1
20/02/2013 00:00:00,155.525,155.73,150.845,151.975,-1
21/02/2013 00:00:00,151.7,153.405,151.22,152.655,-1
22/02/2013 00:00:00,153.04,153.445,151.935,153.0,-1
25/02/2013 00:00:00,153.52,154.565,153.305,154.385,-1
26/02/2013 00:00:00,154.405,156.795,153.33,156.14,-1
27/02/2013 00:00:00,155.6,156.065,154.085,154.67,-1
28/02/2013 00:00:00,154.64,155.475,152.395,153.05,-1
01/03/2013 00:00:00,152.625,153.62,151.28,152.55,-1
04/03/2013 00:00:00,152.415,153.05,151.875,152.555,-1
05/03/2013 00:00:00,152.53,153.56,152.115,152.58,-1
06/03/2013 00:00:00,152.35,153.425,151.665,153.14,-1
07/03/2013 00:00:00,153.49,153.515,152.23,152.785,-1
08/03/2013 00:00:00,152.7,153.36,151.09,152.65,-1
11/03/2013 00:00:00,152.5,153.295,152.48,153.095,-1
12/03/2013 00:00:00,153.155,155.04,152.845,154.175,-1
13/03/2013 00:00:00,154.035,154.805,153.215,153.72,-1
14/03/2013 00:00:00,153.28,154.18,152.555,153.795,-1
15/03/2013 00:00:00,153.68,154.725,153.6,154.09,-1
18/03/2013 00:00:00,155.52,155.915,154.43,155.48,-1
19/03/2013 00:00:00,155.845,156.345,154.775,156.06,-1
20/03/2013 00:00:00,155.94,156.67,154.86,155.445,-1
21/03/2013 00:00:00,155.345,156.48,154.795,156.39,-1
22/03/2013 00:00:00,156.16,156.335,155.15,155.625,-1
25/03/2013 00:00:00,155.89,156.085,153.82,155.27,-1
26/03/2013 00:00:00,155.48,155.72,153.58,154.81,-1
27/03/2013 00:00:00,154.505,155.615,153.985,155.315,-1
28/03/2013 00:00:00,155.34,155.49,154.215,154.445,-1
01/04/2013 00:00:00,154.54,155.035,154.12,154.845,-1
02/04/2013 00:00:00,154.76,155.19,152.265,152.46,-1
03/04/2013 00:00:00,152.255,152.525,149.925,150.435,-1
04/04/2013 00:00:00,150.135,150.595,148.78,150.245,-1
05/04/2013 00:00:00,150.105,153.035,149.765,152.965,-1
08/04/2013 00:00:00,152.655,152.91,151.615,152.03,-1
09/04/2013 00:00:00,152.1,153.845,151.85,153.36,-1
10/04/2013 00:00:00,153.155,153.475,150.48,150.585,-1
11/04/2013 00:00:00,150.43,151.715,150.31,151.07,-1
12/04/2013 00:00:00,151.025,151.025,142.83,143.47,-1
15/04/2013 00:00:00,139.1,140.64,130.04,130.845,-1
16/04/2013 00:00:00,132.59,135.77,131.54,132.59,-1
17/04/2013 00:00:00,133.305,134.945,132.335,132.89,-1
18/04/2013 00:00:00,133.635,135.645,133.27,134.79,-1
19/04/2013 00:00:00,136.2,137.235,134.605,135.595,-1
22/04/2013 00:00:00,137.115,139.255,137.115,137.73,-1
23/04/2013 00:00:00,136.59,138.09,135.855,136.8,-1
24/04/2013 00:00:00,138.0,138.72,137.205,138.3,-1
25/04/2013 00:00:00,139.64,142.585,139.18,142.43,-1
26/04/2013 00:00:00,141.41,143.435,140.035,140.985,-1
29/04/2013 00:00:00,142.685,143.08,141.27,142.495,-1
30/04/2013 00:00:00,142.865,143.115,141.545,142.785,-1
01/05/2013 00:00:00,138.455,142.93,138.405,141.095,-1
02/05/2013 00:00:00,139.165,142.55,139.06,141.89,-1
03/05/2013 00:00:00,142.8,143.895,140.83,142.07,-1
06/05/2013 00:00:00,142.59,143.405,141.63,142.085,-1
07/05/2013 00:00:00,140.93,141.84,139.375,140.275,-1
08/05/2013 00:00:00,140.565,142.8,140.01,142.5,-1
09/05/2013 00:00:00,142.205,142.68,140.535,140.61,-1
10/05/2013 00:00:00,140.85,141.72,137.27,140.015,-1
13/05/2013 00:00:00,138.415,139.055,137.61,138.605,-1
14/05/2013 00:00:00,139.205,140.01,137.415,138.25,-1
15/05/2013 00:00:00,136.45,137.27,134.255,134.885,-1
16/05/2013 00:00:00,133.72,134.475,132.305,134.055,-1
17/05/2013 00:00:00,133.005,133.955,131.025,131.395,-1
20/05/2013 00:00:00,130.665,135.32,130.23,134.27,-1
21/05/2013 00:00:00,134.775,134.885,131.455,133.145,-1
22/05/2013 00:00:00,133.96,136.765,130.965,131.815,-1
23/05/2013 00:00:00,132.22,135.195,131.555,134.415,-1
24/05/2013 00:00:00,134.225,134.905,133.655,133.98,-1
28/05/2013 00:00:00,134.18,135.565,132.795,133.325,-1
29/05/2013 00:00:00,133.7,135.215,133.385,134.675,-1
30/05/2013 00:00:00,135.87,137.105,135.055,136.865,-1
31/05/2013 00:00:00,136.8,137.375,133.885,134.075,-1
03/06/2013 00:00:00,134.9,136.975,134.165,136.55,-1
04/06/2013 00:00:00,135.775,136.34,134.265,135.21,-1
05/06/2013 00:00:00,135.675,136.375,134.845,135.445,-1
06/06/2013 00:00:00,134.94,137.63,134.795,136.45,-1
07/06/2013 00:00:00,136.31,136.98,133.185,133.545,-1
10/06/2013 00:00:00,133.485,134.275,132.985,133.88,-1
11/06/2013 00:00:00,133.01,133.725,132.02,133.2,-1
12/06/2013 00:00:00,133.35,134.82,132.54,134.135,-1
13/06/2013 00:00:00,134.165,134.485,132.85,133.895,-1
14/06/2013 00:00:00,133.735,134.595,133.015,134.505,-1
17/06/2013 00:00:00,134.09,134.52,133.44,133.795,-1
18/06/2013 00:00:00,133.59,134.07,131.535,132.22,-1
19/06/2013 00:00:00,132.21,133.08,130.005,130.225,-1
20/06/2013 00:00:00,127.33,128.17,123.275,123.495,-1
21/06/2013 00:00:00,125.135,125.57,124.3,125.25,-1
24/06/2013 00:00:00,124.12,124.78,123.315,124.02,-1
25/06/2013 00:00:00,124.8,125.285,122.885,123.205,-1
26/06/2013 00:00:00,120.135,120.92,118.065,118.615,-1
27/06/2013 00:00:00,119.69,119.95,115.66,116.27,-1
28/06/2013 00:00:00,116.27,119.38,114.69,119.235,-1
01/07/2013 00:00:00,119.94,121.95,119.19,121.21,-1
02/07/2013 00:00:00,122.135,122.685,119.785,120.135,-1
03/07/2013 00:00:00,120.03,121.78,119.84,121.045,-1
05/07/2013 00:00:00,119.95,120.79,116.745,118.285,-1
08/07/2013 00:00:00,117.745,119.72,117.51,119.355,-1
09/07/2013 00:00:00,121.5,121.64,120.045,120.66,-1
10/07/2013 00:00:00,120.98,124.425,120.445,124.175,-1
11/07/2013 00:00:00,124.215,124.63,123.475,124.3,-1
12/07/2013 00:00:00,123.255,124.295,122.45,124.055,-1
15/07/2013 00:00:00,124.47,124.47,122.98,123.97,-1
16/07/2013 00:00:00,124.385,125.21,123.195,124.75,-1
17/07/2013 00:00:00,124.33,125.69,122.73,123.41,-1
18/07/2013 00:00:00,123.39,124.525,123.1,124.05,-1
19/07/2013 00:00:00,124.55,125.415,123.875,125.185,-1
22/07/2013 00:00:00,127.435,129.45,126.155,129.05,-1
23/07/2013 00:00:00,128.745,130.195,127.775,129.815,-1
24/07/2013 00:00:00,128.885,130.135,126.87,127.455,-1
25/07/2013 00:00:00,127.65,129.34,126.265,129.0,-1
26/07/2013 00:00:00,128.875,129.74,126.78,128.775,-1
29/07/2013 00:00:00,128.51,129.47,127.75,128.135,-1
30/07/2013 00:00:00,127.6,129.07,126.975,128.23,-1
31/07/2013 00:00:00,128.79,129.63,126.145,128.11,-1
01/08/2013 00:00:00,127.975,128.7,125.885,126.175,-1
02/08/2013 00:00:00,124.83,127.4,123.635,126.73,-1
05/08/2013 00:00:00,127.11,127.805,125.335,125.885,-1
06/08/2013 00:00:00,125.46,126.565,123.545,123.91,-1
07/08/2013 00:00:00,123.49,124.58,122.89,124.18,-1
08/08/2013 00:00:00,124.695,126.99,124.37,126.7,-1
09/08/2013 00:00:00,126.4,127.585,125.675,127.045,-1
12/08/2013 00:00:00,128.38,129.865,125.445,128.885,-1
13/08/2013 00:00:00,129.635,129.825,126.725,127.985,-1
14/08/2013 00:00:00,128.695,129.86,127.435,129.65,-1
15/08/2013 00:00:00,129.31,132.345,127.19,131.63,-1
16/08/2013 00:00:00,132.02,133.265,130.42,132.77,-1
19/08/2013 00:00:00,133.435,133.515,131.595,132.055,-1
20/08/2013 00:00:00,131.35,133.08,131.21,132.25,-1
21/08/2013 00:00:00,131.55,133.23,130.9,131.125,-1
22/08/2013 00:00:00,131.905,133.465,131.215,132.945,-1
23/08/2013 00:00:00,133.01,135.235,131.95,135.04,-1
26/08/2013 00:00:00,135.32,135.84,134.18,135.565,-1
27/08/2013 00:00:00,135.38,137.525,135.07,136.955,-1
28/08/2013 00:00:00,137.595,138.22,136.3,136.88,-1
29/08/2013 00:00:00,135.83,137.46,135.235,135.61,-1
30/08/2013 00:00:00,135.085,135.955,133.665,134.75,-1
03/09/2013 00:00:00,133.92,136.785,133.38,136.305,-1
04/09/2013 00:00:00,135.91,136.575,133.725,134.55,-1
05/09/2013 00:00:00,134.9,135.275,131.815,132.155,-1
06/09/2013 00:00:00,132.23,134.57,131.45,134.04,-1
09/09/2013 00:00:00,134.215,134.835,133.33,133.92,-1
10/09/2013 00:00:00,132.25,134.01,131.105,131.84,-1
11/09/2013 00:00:00,131.965,132.285,131.11,131.825,-1
12/09/2013 00:00:00,129.84,131.885,127.515,127.975,-1
13/09/2013 00:00:00,125.64,128.23,125.64,127.945,-1
16/09/2013 00:00:00,128.325,129.125,125.635,126.775,-1
17/09/2013 00:00:00,127.4,128.375,126.115,126.25,-1
18/09/2013 00:00:00,125.45,132.195,125.155,132.16,-1
19/09/2013 00:00:00,132.515,132.775,131.035,131.96,-1
20/09/2013 00:00:00,131.075,131.35,127.905,127.945,-1
23/09/2013 00:00:00,127.36,129.345,126.93,128.02,-1
24/09/2013 00:00:00,127.11,128.215,126.065,127.955,-1
25/09/2013 00:00:00,127.485,129.205,127.01,128.665,-1
26/09/2013 00:00:00,128.975,129.495,127.315,127.8,-1
27/09/2013 00:00:00,128.115,129.8,127.235,129.16,-1
30/09/2013 00:00:00,129.175,129.675,127.695,128.28,-1
01/10/2013 00:00:00,128.835,129.325,123.805,124.445,-1
02/10/2013 00:00:00,124.65,127.815,124.275,126.995,-1
03/10/2013 00:00:00,127.5,127.695,125.685,127.1,-1
04/10/2013 00:00:00,127.325,128.115,126.03,126.465,-1
07/10/2013 00:00:00,126.015,128.32,125.85,127.72,-1
08/10/2013 00:00:00,127.175,128.4,126.77,127.49,-1
09/10/2013 00:00:00,127.655,128.065,124.97,125.875,-1
10/10/2013 00:00:00,125.915,126.67,123.695,124.195,-1
11/10/2013 00:00:00,124.715,124.84,121.855,122.69,-1
14/10/2013 00:00:00,122.5,124.655,122.5,122.85,-1
15/10/2013 00:00:00,121.885,124.355,120.77,123.275,-1
16/10/2013 00:00:00,123.915,124.41,122.515,123.655,-1
17/10/2013 00:00:00,125.07,127.855,125.065,127.14,-1
18/10/2013 00:00:00,127.605,127.815,126.605,126.95,-1
21/10/2013 00:00:00,127.335,127.69,126.35,126.935,-1
22/10/2013 00:00:00,126.655,129.815,126.02,129.33,-1
23/10/2013 00:00:00,129.155,129.35,127.815,128.66,-1
24/10/2013 00:00:00,128.475,130.515,127.645,129.98,-1
25/10/2013 00:00:00,128.935,130.865,128.26,130.46,-1
28/10/2013 00:00:00,130.125,131.445,129.275,130.725,-1
29/10/2013 00:00:00,129.815,130.79,129.4,129.695,-1
30/10/2013 00:00:00,130.42,131.225,128.805,129.275,-1
31/10/2013 00:00:00,129.075,129.785,127.295,127.705,-1
01/11/2013 00:00:00,128.32,128.365,126.055,127.06,-1
04/11/2013 00:00:00,126.675,127.65,126.365,126.92,-1
05/11/2013 00:00:00,127.795,128.89,126.01,126.49,-1
06/11/2013 00:00:00,128.395,128.98,126.28,127.175,-1
07/11/2013 00:00:00,127.01,128.365,125.125,126.305,-1
08/11/2013 00:00:00,127.415,127.68,123.625,124.35,-1
11/11/2013 00:00:00,123.74,124.85,123.34,123.645,-1
12/11/2013 00:00:00,123.57,124.145,121.72,122.355,-1
13/11/2013 00:00:00,122.125,124.185,122.0,123.92,-1
14/11/2013 00:00:00,124.525,124.905,122.59,124.24,-1
15/11/2013 00:00:00,123.17,124.615,122.955,124.465,-1
18/11/2013 00:00:00,123.37,124.405,122.545,123.03,-1
19/11/2013 00:00:00,122.84,123.405,122.41,122.925,-1
20/11/2013 00:00:00,122.895,123.25,119.755,120.41,-1
21/11/2013 00:00:00,120.3,120.755,119.315,120.015,-1
22/11/2013 00:00:00,119.69,120.665,119.475,120.01,-1
25/11/2013 00:00:00,118.65,121.235,118.445,120.72,-1
26/11/2013 00:00:00,120.73,121.18,119.34,119.975,-1
27/11/2013 00:00:00,119.95,121.24,119.23,119.48,-1
29/11/2013 00:00:00,119.25,121.055,119.25,120.825,-1
02/12/2013 00:00:00,119.605,120.39,117.505,117.905,-1
03/12/2013 00:00:00,118.385,118.755,117.24,117.99,-1
04/12/2013 00:00:00,117.39,120.755,116.895,119.57,-1
05/12/2013 00:00:00,118.945,119.925,117.415,118.355,-1
06/12/2013 00:00:00,118.035,120.205,116.94,118.43,-1
09/12/2013 00:00:00,118.74,119.925,117.69,119.56,-1
10/12/2013 00:00:00,120.0,122.315,119.45,121.575,-1
11/12/2013 00:00:00,121.37,121.955,120.69,120.995,-1
12/12/2013 00:00:00,120.93,121.16,118.055,118.425,-1
13/12/2013 00:00:00,118.52,119.55,117.53,119.455,-1
16/12/2013 00:00:00,118.315,120.765,117.87,119.815,-1
17/12/2013 00:00:00,119.5,120.525,118.385,118.915,-1
18/12/2013 00:00:00,119.05,120.05,117.305,117.995,-1
19/12/2013 00:00:00,116.14,117.295,114.47,115.08,-1
20/12/2013 00:00:00,115.02,116.465,114.645,115.88,-1
23/12/2013 00:00:00,115.31,116.39,114.615,115.61,-1
24/12/2013 00:00:00,115.76,116.295,115.235,116.075,-1
26/12/2013 00:00:00,115.775,117.26,115.715,116.74,-1
27/12/2013 00:00:00,116.24,117.59,115.875,117.095,-1
30/12/2013 00:00:00,116.17,116.945,115.205,115.63,-1
31/12/2013 00:00:00,115.185,117.14,114.03,116.21,-1
02/01/2014 00:00:00,117.885,119.275,115.845,118.965,-1
03/01/2014 00:00:00,118.74,119.615,117.775,119.32,-1
06/01/2014 00:00:00,119.505,120.395,117.26,119.47,-1
07/01/2014 00:00:00,119.535,119.775,118.135,118.72,-1
08/01/2014 00:00:00,118.805,119.445,117.505,118.125,-1
09/01/2014 00:00:00,118.01,118.86,117.745,118.385,-1
10/01/2014 00:00:00,118.39,120.445,118.01,120.31,-1
13/01/2014 00:00:00,119.89,121.035,119.675,120.82,-1
14/01/2014 00:00:00,120.29,121.06,119.725,119.955,-1
15/01/2014 00:00:00,119.75,119.835,119.02,119.655,-1
16/01/2014 00:00:00,119.575,120.315,119.23,119.81,-1
17/01/2014 00:00:00,120.315,121.015,119.335,120.965,-1
21/01/2014 00:00:00,120.995,120.995,119.095,119.765,-1
22/01/2014 00:00:00,119.46,120.13,118.86,118.945,-1
23/01/2014 00:00:00,119.0,122.02,118.86,121.785,-1
24/01/2014 00:00:00,120.85,123.235,120.35,122.24,-1
27/01/2014 00:00:00,121.115,122.81,120.715,121.195,-1
28/01/2014 00:00:00,121.16,121.79,120.34,120.875,-1
29/01/2014 00:00:00,120.71,122.495,120.43,122.21,-1
30/01/2014 00:00:00,122.035,122.035,119.31,119.815,-1
31/01/2014 00:00:00,119.58,120.995,119.45,119.965,-1
03/02/2014 00:00:00,120.075,122.105,119.6,121.19,-1
04/02/2014 00:00:00,121.155,121.43,120.22,120.98,-1
05/02/2014 00:00:00,120.955,122.865,120.45,121.27,-1
06/02/2014 00:00:00,120.94,122.185,120.785,121.17,-1
07/02/2014 00:00:00,126.73,126.73,120.735,122.23,-1
10/02/2014 00:00:00,122.075,123.535,122.075,123.165,-1
11/02/2014 00:00:00,123.67,124.745,123.005,124.06,-1
12/02/2014 00:00:00,128.245,128.245,123.775,124.395,-1
13/02/2014 00:00:00,124.115,125.66,123.91,125.525,-1
14/02/2014 00:00:00,127.42,127.42,125.825,127.275,-1
18/02/2014 00:00:00,128.385,128.385,126.46,127.375,-1
19/02/2014 00:00:00,126.2,127.495,126.14,126.48,-1
20/02/2014 00:00:00,126.41,127.745,125.915,127.315,-1
21/02/2014 00:00:00,127.21,128.065,126.805,127.45,-1
24/02/2014 00:00:00,128.285,129.065,127.675,128.795,-1
25/02/2014 00:00:00,128.41,129.525,127.98,129.215,-1
26/02/2014 00:00:00,129.47,129.955,127.445,128.06,-1
27/02/2014 00:00:00,128.63,129.375,127.06,128.2,-1
28/02/2014 00:00:00,128.08,128.545,127.175,127.99,-1
03/03/2014 00:00:00,129.9,130.585,129.305,129.995,-1
04/03/2014 00:00:00,129.355,129.42,128.27,128.79,-1
05/03/2014 00:00:00,128.6,129.335,128.335,128.875,-1
06/03/2014 00:00:00,128.545,130.465,128.435,129.975,-1
07/03/2014 00:00:00,129.96,130.395,127.92,129.245,-1
10/03/2014 00:00:00,129.23,129.61,128.3,129.155,-1
11/03/2014 00:00:00,129.625,130.385,128.925,129.935,-1
12/03/2014 00:00:00,130.88,132.125,129.535,131.66,-1
13/03/2014 00:00:00,131.525,133.32,131.19,132.31,-1
14/03/2014 00:00:00,131.76,133.77,131.13,132.935,-1
17/03/2014 00:00:00,131.97,134.095,131.225,131.705,-1
18/03/2014 00:00:00,131.425,131.505,130.17,130.9,-1
19/03/2014 00:00:00,130.81,132.76,127.75,127.95,-1
20/03/2014 00:00:00,128.35,128.725,127.26,128.21,-1
21/03/2014 00:00:00,128.4,129.44,127.68,128.475,-1
24/03/2014 00:00:00,127.62,128.685,126.025,126.265,-1
25/03/2014 00:00:00,127.57,128.95,125.77,126.205,-1
26/03/2014 00:00:00,126.16,126.935,125.135,125.805,-1
27/03/2014 00:00:00,126.0,126.0,124.215,124.565,-1
28/03/2014 00:00:00,125.11,125.11,123.885,124.64,-1
31/03/2014 00:00:00,126.93,126.93,123.565,123.735,-1
01/04/2014 00:00:00,126.93,126.93,123.105,123.395,-1
02/04/2014 00:00:00,123.96,124.735,123.215,124.385,-1
03/04/2014 00:00:00,124.48,124.48,123.435,123.835,-1
04/04/2014 00:00:00,126.64,126.64,123.27,125.55,-1
07/04/2014 00:00:00,125.125,125.815,124.75,125.07,-1
08/04/2014 00:00:00,125.825,127.925,125.825,126.165,-1
09/04/2014 00:00:00,125.9,126.72,125.155,126.235,-1
10/04/2014 00:00:00,127.05,127.705,126.82,127.04,-1
11/04/2014 00:00:00,127.1,127.71,126.605,126.84,-1
14/04/2014 00:00:00,127.605,128.245,126.92,127.775,-1
15/04/2014 00:00:00,126.275,126.94,123.71,125.55,-1
16/04/2014 00:00:00,125.18,125.92,124.9,125.415,-1
17/04/2014 00:00:00,125.095,126.285,124.505,124.81,-1
21/04/2014 00:00:00,124.05,125.17,123.58,124.225,-1
22/04/2014 00:00:00,124.195,124.7,122.96,123.815,-1
23/04/2014 00:00:00,125.55,125.55,123.385,123.685,-1
24/04/2014 00:00:00,124.03,125.12,122.005,124.535,-1
25/04/2014 00:00:00,125.55,127.51,124.045,125.585,-1
28/04/2014 00:00:00,125.55,126.63,124.455,124.77,-1
29/04/2014 00:00:00,126.63,126.97,123.13,124.685,-1
30/04/2014 00:00:00,125.55,127.51,123.69,124.345,-1
01/05/2014 00:00:00,125.55,126.63,122.725,123.7,-1
02/05/2014 00:00:00,123.81,125.665,122.6,125.17,-1
05/05/2014 00:00:00,125.55,126.76,125.55,126.125,-1
06/05/2014 00:00:00,125.55,127.435,125.55,125.98,-1
07/05/2014 00:00:00,125.55,126.72,123.925,124.31,-1
08/05/2014 00:00:00,124.375,125.385,123.715,124.265,-1
09/05/2014 00:00:00,125.55,125.55,123.755,124.24,-1
12/05/2014 00:00:00,124.265,125.56,124.26,124.845,-1
13/05/2014 00:00:00,125.55,125.55,123.61,124.58,-1
14/05/2014 00:00:00,124.975,126.055,124.73,125.765,-1
15/05/2014 00:00:00,125.575,125.91,124.34,124.825,-1
16/05/2014 00:00:00,124.39,125.015,124.03,124.53,-1
19/05/2014 00:00:00,125.55,125.735,124.485,124.535,-1
20/05/2014 00:00:00,125.55,125.55,123.805,124.61,-1
21/05/2014 00:00:00,125.55,125.55,123.58,124.44,-1
22/05/2014 00:00:00,125.55,125.55,124.095,124.6,-1
23/05/2014 00:00:00,125.55,125.55,123.825,124.45,-1
27/05/2014 00:00:00,125.55,125.55,121.6,121.625,-1
28/05/2014 00:00:00,121.625,122.24,120.925,121.23,-1
29/05/2014 00:00:00,120.815,121.415,120.555,120.965,-1
30/05/2014 00:00:00,121.14,124.655,119.625,120.395,-1
02/06/2014 00:00:00,120.24,120.455,119.615,119.82,-1
03/06/2014 00:00:00,119.905,120.115,119.435,119.95,-1
04/06/2014 00:00:00,120.085,120.315,119.675,119.8,-1
05/06/2014 00:00:00,119.72,121.11,119.46,120.725,-1
06/06/2014 00:00:00,120.595,121.135,119.935,120.55,-1
09/06/2014 00:00:00,120.7,121.095,120.39,120.525,-1
10/06/2014 00:00:00,120.83,121.625,120.55,121.27,-1
11/06/2014 00:00:00,121.355,121.815,121.175,121.445,-1
12/06/2014 00:00:00,121.415,122.745,121.325,122.555,-1
13/06/2014 00:00:00,122.575,123.035,122.36,122.915,-1
16/06/2014 00:00:00,123.345,123.46,122.305,122.43,-1
17/06/2014 00:00:00,122.275,122.495,121.18,122.39,-1
18/06/2014 00:00:00,122.325,123.1,121.9,123.075,-1
19/06/2014 00:00:00,122.69,127.38,122.69,126.55,-1
20/06/2014 00:00:00,126.08,127.065,125.86,126.665,-1
23/06/2014 00:00:00,126.775,127.01,126.105,126.5,-1
24/06/2014 00:00:00,126.4,127.71,126.4,126.91,-1
25/06/2014 00:00:00,126.455,127.545,126.215,126.925,-1
26/06/2014 00:00:00,126.285,127.01,125.76,126.67,-1
27/06/2014 00:00:00,126.78,127.345,126.265,126.57,-1
30/06/2014 00:00:00,126.66,128.025,126.065,127.765,-1
01/07/2014 00:00:00,127.98,128.14,127.445,127.64,-1
02/07/2014 00:00:00,127.68,128.235,127.115,127.645,-1
03/07/2014 00:00:00,127.135,127.42,126.15,126.95,-1
07/07/2014 00:00:00,126.91,127.055,126.195,127.005,-1
08/07/2014 00:00:00,126.865,127.53,126.435,126.925,-1
09/07/2014 00:00:00,127.31,128.265,127.105,127.775,-1
10/07/2014 00:00:00,127.65,129.485,127.65,128.58,-1
11/07/2014 00:00:00,128.45,129.005,128.21,128.88,-1
14/07/2014 00:00:00,127.705,127.705,125.3,125.87,-1
15/07/2014 00:00:00,126.4,126.91,124.315,124.63,-1
16/07/2014 00:00:00,124.8,125.475,124.64,124.945,-1
17/07/2014 00:00:00,125.595,127.525,125.025,127.175,-1
18/07/2014 00:00:00,126.9,126.9,125.57,126.175,-1
21/07/2014 00:00:00,126.52,126.865,126.095,126.22,-1
22/07/2014 00:00:00,125.57,126.705,125.34,125.83,-1
23/07/2014 00:00:00,126.06,126.19,125.405,125.57,-1
24/07/2014 00:00:00,125.17,125.405,123.905,124.445,-1
25/07/2014 00:00:00,124.495,125.94,124.35,125.895,-1
28/07/2014 00:00:00,125.7,125.795,125.145,125.535,-1
29/07/2014 00:00:00,125.985,126.325,124.725,125.105,-1
30/07/2014 00:00:00,125.0,125.52,124.34,124.84,-1
31/07/2014 00:00:00,124.995,125.285,123.235,123.495,-1
01/08/2014 00:00:00,123.72,124.84,123.185,124.36,-1
04/08/2014 00:00:00,124.325,124.8,123.73,124.06,-1
05/08/2014 00:00:00,124.31,124.525,123.395,123.97,-1
06/08/2014 00:00:00,124.15,125.995,123.795,125.63,-1
07/08/2014 00:00:00,125.675,126.5,125.22,126.225,-1
08/08/2014 00:00:00,126.575,127.07,125.57,126.08,-1
11/08/2014 00:00:00,125.85,126.28,125.635,125.855,-1
12/08/2014 00:00:00,125.885,126.815,125.645,126.035,-1
13/08/2014 00:00:00,125.755,126.535,125.54,126.165,-1
14/08/2014 00:00:00,126.475,127.055,125.81,126.31,-1
15/08/2014 00:00:00,126.385,126.625,124.315,125.48,-1
18/08/2014 00:00:00,125.165,125.54,124.655,124.82,-1
19/08/2014 00:00:00,124.89,125.345,124.485,124.6,-1
20/08/2014 00:00:00,124.59,124.985,123.885,124.2,-1
21/08/2014 00:00:00,123.205,123.535,122.455,122.86,-1
22/08/2014 00:00:00,122.955,123.38,122.585,123.255,-1
25/08/2014 00:00:00,122.94,123.205,122.595,122.775,-1
26/08/2014 00:00:00,124.015,124.175,123.0,123.015,-1
27/08/2014 00:00:00,124.0,124.245,123.255,123.39,-1
28/08/2014 00:00:00,123.935,124.73,123.425,124.025,-1
29/08/2014 00:00:00,123.745,124.215,123.13,123.72,-1
02/09/2014 00:00:00,123.05,123.925,121.435,121.84,-1
03/09/2014 00:00:00,121.695,122.4,120.72,122.175,-1
04/09/2014 00:00:00,122.16,122.93,120.94,121.065,-1
05/09/2014 00:00:00,121.745,122.58,121.4,122.06,-1
08/09/2014 00:00:00,122.32,122.32,120.375,120.81,-1
09/09/2014 00:00:00,120.7,121.065,120.005,120.79,-1
10/09/2014 00:00:00,121.045,121.045,119.635,120.155,-1
11/09/2014 00:00:00,120.34,120.365,118.67,119.395,-1
12/09/2014 00:00:00,119.38,119.685,118.075,118.255,-1
15/09/2014 00:00:00,118.92,119.175,118.215,118.64,-1
16/09/2014 00:00:00,118.72,119.435,118.445,118.82,-1
17/09/2014 00:00:00,119.05,119.185,117.045,117.315,-1
18/09/2014 00:00:00,117.625,118.095,116.94,117.87,-1
19/09/2014 00:00:00,117.515,117.93,116.725,116.95,-1
22/09/2014 00:00:00,117.325,117.4,116.56,116.765,-1
23/09/2014 00:00:00,117.05,118.8,117.05,117.52,-1
24/09/2014 00:00:00,118.015,118.09,116.905,116.935,-1
25/09/2014 00:00:00,116.24,117.755,115.995,117.545,-1
26/09/2014 00:00:00,118.295,118.415,116.575,117.09,-1
29/09/2014 00:00:00,117.195,118.21,116.395,116.95,-1
30/09/2014 00:00:00,116.695,117.345,115.64,116.155,-1
01/10/2014 00:00:00,116.12,117.265,115.73,116.71,-1
02/10/2014 00:00:00,116.345,117.215,116.105,116.785,-1
03/10/2014 00:00:00,116.345,116.72,114.425,114.575,-1
06/10/2014 00:00:00,114.64,116.245,114.535,115.97,-1
07/10/2014 00:00:00,115.375,116.69,115.035,116.4,-1
08/10/2014 00:00:00,117.175,117.705,115.72,117.525,-1
09/10/2014 00:00:00,117.84,118.625,117.495,117.675,-1
10/10/2014 00:00:00,117.45,117.91,116.865,117.625,-1
13/10/2014 00:00:00,118.15,118.95,116.215,118.82,-1
14/10/2014 00:00:00,118.61,119.1,118.07,118.395,-1
15/10/2014 00:00:00,117.595,120.175,116.83,119.24,-1
16/10/2014 00:00:00,119.34,119.67,118.76,119.11,-1
17/10/2014 00:00:00,118.78,119.5,118.355,119.05,-1
20/10/2014 00:00:00,118.815,120.045,118.685,119.88,-1
21/10/2014 00:00:00,119.02,120.675,118.915,120.105,-1
22/10/2014 00:00:00,119.4,120.405,118.845,119.375,-1
23/10/2014 00:00:00,120.025,120.025,117.885,118.415,-1
24/10/2014 00:00:00,118.865,119.7,117.555,118.235,-1
27/10/2014 00:00:00,118.26,119.625,117.615,117.84,-1
28/10/2014 00:00:00,117.845,118.8,117.45,117.985,-1
29/10/2014 00:00:00,118.865,119.53,116.145,116.61,-1
30/10/2014 00:00:00,116.1,117.25,114.945,115.275,-1
31/10/2014 00:00:00,113.305,113.95,111.61,112.85,-1
03/11/2014 00:00:00,112.0,112.825,111.815,111.965,-1
04/11/2014 00:00:00,112.225,113.02,111.72,112.175,-1
05/11/2014 00:00:00,110.125,111.5,109.25,109.865,-1
06/11/2014 00:00:00,110.53,110.67,109.48,109.66,-1
07/11/2014 00:00:00,110.53,113.305,109.52,113.155,-1
10/11/2014 00:00:00,113.185,113.185,110.275,110.925,-1
11/11/2014 00:00:00,111.0,112.76,110.39,111.73,-1
12/11/2014 00:00:00,112.5,112.64,111.225,111.53,-1
13/11/2014 00:00:00,111.95,112.555,111.22,111.525,-1
14/11/2014 00:00:00,111.445,114.725,110.22,114.44,-1
17/11/2014 00:00:00,113.72,114.72,113.425,114.075,-1
18/11/2014 00:00:00,114.825,115.81,114.36,114.825,-1
19/11/2014 00:00:00,114.965,115.86,112.92,113.55,-1
20/11/2014 00:00:00,114.225,115.09,113.56,114.665,-1
21/11/2014 00:00:00,114.145,116.1,113.98,115.425,-1
24/11/2014 00:00:00,114.3,115.545,114.275,115.16,-1
25/11/2014 00:00:00,115.235,115.615,114.22,115.325,-1
26/11/2014 00:00:00,114.89,115.545,114.865,115.22,-1
28/11/2014 00:00:00,114.125,114.46,111.745,111.865,-1
01/12/2014 00:00:00,111.495,117.355,111.295,115.835,-1
02/12/2014 00:00:00,115.405,116.655,114.125,114.9,-1
03/12/2014 00:00:00,115.835,116.915,114.85,115.96,-1
04/12/2014 00:00:00,115.785,116.63,115.255,115.77,-1
05/12/2014 00:00:00,115.9,116.325,113.995,114.455,-1
08/12/2014 00:00:00,114.805,116.165,113.79,115.325,-1
09/12/2014 00:00:00,115.42,118.99,114.985,118.165,-1
10/12/2014 00:00:00,117.925,118.74,117.57,118.25,-1
11/12/2014 00:00:00,117.72,118.385,116.285,117.835,-1
12/12/2014 00:00:00,117.205,118.2,116.68,117.285,-1
15/12/2014 00:00:00,116.425,117.605,114.365,115.0,-1
16/12/2014 00:00:00,114.785,117.63,114.08,115.105,-1
17/12/2014 00:00:00,115.39,116.22,113.655,114.42,-1
18/12/2014 00:00:00,115.09,116.845,114.4,115.025,-1
19/12/2014 00:00:00,114.675,116.015,114.51,114.72,-1
22/12/2014 00:00:00,115.005,115.435,112.415,112.845,-1
23/12/2014 00:00:00,113.075,113.91,112.605,113.13,-1
24/12/2014 00:00:00,112.945,113.595,112.665,112.7,-1
26/12/2014 00:00:00,113.64,115.275,113.36,114.875,-1
29/12/2014 00:00:00,114.13,115.03,113.23,113.68,-1
30/12/2014 00:00:00,113.27,116.27,112.99,115.42,-1
31/12/2014 00:00:00,115.68,115.725,113.28,113.52,-1
02/01/2015 00:00:00,113.82,114.785,112.205,114.225,-1
05/01/2015 00:00:00,114.805,115.995,113.245,115.575,-1
06/01/2015 00:00:00,116.13,117.495,115.805,116.945,-1
07/01/2015 00:00:00,116.735,117.37,116.135,116.495,-1
08/01/2015 00:00:00,116.63,116.93,115.625,116.11,-1
09/01/2015 00:00:00,116.41,117.74,116.015,117.635,-1
12/01/2015 00:00:00,117.4,118.72,116.45,118.46,-1
13/01/2015 00:00:00,119.08,119.575,117.875,118.34,-1
14/01/2015 00:00:00,118.06,119.545,117.59,118.17,-1
15/01/2015 00:00:00,117.79,121.695,117.515,121.165,-1
16/01/2015 00:00:00,121.44,123.15,120.735,123.07,-1
20/01/2015 00:00:00,123.4,124.605,123.205,124.205,-1
21/01/2015 00:00:00,124.73,125.46,123.37,124.09,-1
22/01/2015 00:00:00,123.55,125.58,122.86,124.89,-1
23/01/2015 00:00:00,124.335,124.935,123.355,124.39,-1
26/01/2015 00:00:00,123.25,123.96,122.125,122.41,-1
27/01/2015 00:00:00,122.125,124.635,122.02,124.285,-1
28/01/2015 00:00:00,123.715,124.56,122.94,123.47,-1
29/01/2015 00:00:00,123.05,123.495,120.255,121.145,-1
30/01/2015 00:00:00,121.405,123.54,120.75,123.41,-1
02/02/2015 00:00:00,123.135,123.175,121.615,122.325,-1
03/02/2015 00:00:00,123.18,123.435,120.565,120.925,-1
04/02/2015 00:00:00,121.295,122.335,120.935,122.215,-1
05/02/2015 00:00:00,121.73,122.13,120.635,121.52,-1
06/02/2015 00:00:00,121.65,122.14,117.945,118.5,-1
09/02/2015 00:00:00,118.5,119.57,118.47,118.985,-1
10/02/2015 00:00:00,118.59,119.2,118.15,118.725,-1
11/02/2015 00:00:00,118.835,119.105,116.87,117.18,-1
12/02/2015 00:00:00,117.645,118.545,117.085,117.395,-1
13/02/2015 00:00:00,117.645,118.585,117.35,117.82,-1
17/02/2015 00:00:00,117.65,118.0,115.585,116.075,-1
18/02/2015 00:00:00,116.045,116.6,114.995,116.565,-1
19/02/2015 00:00:00,116.665,117.38,115.745,116.04,-1
20/02/2015 00:00:00,115.925,116.93,115.035,115.56,-1
23/02/2015 00:00:00,115.1,116.225,114.31,115.52,-1
24/02/2015 00:00:00,115.34,115.925,114.295,115.85,-1
25/02/2015 00:00:00,116.1,116.26,115.335,115.76,-1
26/02/2015 00:00:00,116.325,117.14,115.835,116.295,-1
27/02/2015 00:00:00,115.845,117.075,115.205,116.445,-1
02/03/2015 00:00:00,116.745,117.07,115.625,115.93,-1
03/03/2015 00:00:00,115.945,116.615,115.345,115.555,-1
04/03/2015 00:00:00,115.655,116.165,115.025,115.35,-1
05/03/2015 00:00:00,115.25,116.11,114.805,115.085,-1
06/03/2015 00:00:00,115.345,115.425,111.705,112.03,-1
09/03/2015 00:00:00,112.525,113.0,111.905,111.92,-1
10/03/2015 00:00:00,111.355,112.54,110.755,111.62,-1
11/03/2015 00:00:00,111.895,112.5,110.155,111.0,-1
12/03/2015 00:00:00,111.28,111.685,110.255,110.81,-1
13/03/2015 00:00:00,111.39,111.39,110.515,111.095,-1
16/03/2015 00:00:00,111.42,111.58,110.415,110.945,-1
17/03/2015 00:00:00,110.4,111.35,109.7,110.27,-1
18/03/2015 00:00:00,110.065,112.865,109.84,112.345,-1
19/03/2015 00:00:00,111.99,112.585,110.975,112.4,-1
20/03/2015 00:00:00,112.02,114.005,111.715,113.65,-1
23/03/2015 00:00:00,113.15,114.375,112.96,114.235,-1
24/03/2015 00:00:00,114.16,114.695,113.815,114.335,-1
25/03/2015 00:00:00,114.8,115.14,114.2,114.66,-1
26/03/2015 00:00:00,115.35,117.31,114.955,115.64,-1
27/03/2015 00:00:00,115.43,115.715,114.455,114.985,-1
30/03/2015 00:00:00,114.55,115.09,113.485,113.665,-1
31/03/2015 00:00:00,113.64,114.465,113.105,113.575,-1
01/04/2015 00:00:00,113.5,115.99,113.275,115.535,-1
02/04/2015 00:00:00,116.45,116.545,114.675,115.35,-1
06/04/2015 00:00:00,117.325,117.475,116.5,116.59,-1
07/04/2015 00:00:00,116.77,116.77,115.77,116.005,-1
08/04/2015 00:00:00,116.49,116.545,114.9,115.35,-1
09/04/2015 00:00:00,114.765,115.64,114.35,114.565,-1
10/04/2015 00:00:00,115.075,116.185,114.6,115.885,-1
13/04/2015 00:00:00,115.25,115.83,114.73,115.08,-1
14/04/2015 00:00:00,114.87,115.065,113.4,114.445,-1
15/04/2015 00:00:00,114.255,115.595,113.595,115.425,-1
16/04/2015 00:00:00,116.075,116.26,114.64,114.995,-1
17/04/2015 00:00:00,115.425,115.975,115.235,115.545,-1
20/04/2015 00:00:00,115.425,115.815,114.315,114.755,-1
21/04/2015 00:00:00,114.735,115.555,114.645,115.4,-1
22/04/2015 00:00:00,114.815,115.555,113.765,114.07,-1
23/04/2015 00:00:00,113.85,114.955,113.805,114.535,-1
24/04/2015 00:00:00,114.655,114.82,112.765,113.14,-1
27/04/2015 00:00:00,113.65,115.825,113.02,115.23,-1
28/04/2015 00:00:00,115.86,116.595,115.16,116.31,-1
29/04/2015 00:00:00,115.82,116.51,115.275,115.64,-1
30/04/2015 00:00:00,115.77,116.075,112.955,113.695,-1
01/05/2015 00:00:00,113.565,113.565,112.26,113.2,-1
04/05/2015 00:00:00,113.385,114.435,112.72,113.955,-1
05/05/2015 00:00:00,113.265,115.115,113.23,114.56,-1
06/05/2015 00:00:00,114.21,114.98,113.645,114.225,-1
07/05/2015 00:00:00,113.575,114.345,113.115,113.465,-1
08/05/2015 00:00:00,113.9,114.515,113.275,113.945,-1
11/05/2015 00:00:00,113.59,114.4,113.085,113.51,-1
12/05/2015 00:00:00,113.625,114.835,113.285,114.31,-1
13/05/2015 00:00:00,114.385,116.925,113.975,116.51,-1
14/05/2015 00:00:00,116.47,117.74,116.37,117.195,-1
15/05/2015 00:00:00,117.295,117.625,116.17,117.445,-1
18/05/2015 00:00:00,117.73,118.19,117.065,117.46,-1
19/05/2015 00:00:00,116.95,117.865,115.645,116.12,-1
20/05/2015 00:00:00,116.18,116.425,115.695,116.015,-1
21/05/2015 00:00:00,116.6,116.6,115.28,115.7,-1
22/05/2015 00:00:00,116.315,116.64,115.24,115.785,-1
26/05/2015 00:00:00,115.05,115.44,113.705,113.96,-1
27/05/2015 00:00:00,113.775,114.19,113.415,113.855,-1
28/05/2015 00:00:00,113.565,114.36,113.215,114.07,-1
29/05/2015 00:00:00,114.075,114.505,113.765,114.2,-1
01/06/2015 00:00:00,114.255,115.5,113.625,114.095,-1
02/06/2015 00:00:00,114.755,114.755,113.695,114.33,-1
03/06/2015 00:00:00,114.17,114.755,113.095,113.715,-1
04/06/2015 00:00:00,113.585,113.855,112.485,112.91,-1
05/06/2015 00:00:00,112.86,112.965,111.52,112.26,-1
08/06/2015 00:00:00,112.1,112.7,112.1,112.505,-1
09/06/2015 00:00:00,112.305,113.425,112.305,112.875,-1
10/06/2015 00:00:00,113.485,114.315,113.43,113.675,-1
11/06/2015 00:00:00,113.57,113.85,112.695,113.34,-1
12/06/2015 00:00:00,113.305,113.5,112.865,113.205,-1
15/06/2015 00:00:00,113.34,114.145,112.445,113.685,-1
16/06/2015 00:00:00,113.77,113.86,112.785,113.3,-1
17/06/2015 00:00:00,113.405,114.035,112.635,113.65,-1
18/06/2015 00:00:00,114.095,115.605,114.095,115.27,-1
19/06/2015 00:00:00,114.95,115.465,114.94,115.085,-1
22/06/2015 00:00:00,115.25,115.305,113.335,113.65,-1
23/06/2015 00:00:00,113.585,113.92,112.795,113.04,-1
24/06/2015 00:00:00,112.935,113.11,112.15,112.835,-1
25/06/2015 00:00:00,112.785,112.82,112.325,112.525,-1
26/06/2015 00:00:00,112.51,112.965,111.98,112.64,-1
29/06/2015 00:00:00,112.785,113.49,112.54,113.115,-1
30/06/2015 00:00:00,113.46,113.46,111.855,112.765,-1
01/07/2015 00:00:00,112.17,112.575,111.94,112.01,-1
02/07/2015 00:00:00,111.9,112.34,110.945,111.725,-1
06/07/2015 00:00:00,112.16,112.59,111.26,112.135,-1
07/07/2015 00:00:00,112.15,112.15,110.045,110.65,-1
08/07/2015 00:00:00,110.63,111.66,110.275,110.985,-1
09/07/2015 00:00:00,111.14,111.93,110.93,110.93,-1
10/07/2015 00:00:00,111.235,111.715,111.025,111.62,-1
13/07/2015 00:00:00,111.275,111.275,110.325,110.855,-1
14/07/2015 00:00:00,110.78,111.18,110.485,110.82,-1
15/07/2015 00:00:00,110.65,110.775,109.575,110.105,-1
16/07/2015 00:00:00,110.15,110.305,109.525,109.765,-1
17/07/2015 00:00:00,109.78,109.8,108.405,108.74,-1
20/07/2015 00:00:00,107.055,107.77,104.915,105.335,-1
21/07/2015 00:00:00,106.265,106.515,105.255,105.46,-1
22/07/2015 00:00:00,105.3,105.405,104.185,105.0,-1
23/07/2015 00:00:00,105.67,105.93,104.205,104.54,-1
24/07/2015 00:00:00,104.06,105.585,103.26,105.26,-1
27/07/2015 00:00:00,105.39,106.11,104.385,104.905,-1
28/07/2015 00:00:00,104.645,105.335,104.43,104.93,-1
29/07/2015 00:00:00,104.69,105.61,104.495,105.195,-1
30/07/2015 00:00:00,104.505,105.255,103.77,104.28,-1
31/07/2015 00:00:00,103.745,105.74,103.515,105.07,-1
03/08/2015 00:00:00,104.585,105.13,104.035,104.045,-1
04/08/2015 00:00:00,104.705,105.185,103.955,104.185,-1
05/08/2015 00:00:00,104.735,104.875,103.775,104.12,-1
06/08/2015 00:00:00,104.335,104.855,103.88,104.445,-1
07/08/2015 00:00:00,104.94,105.385,103.725,104.76,-1
10/08/2015 00:00:00,104.435,106.275,104.42,105.99,-1
11/08/2015 00:00:00,106.895,106.895,105.775,106.19,-1
12/08/2015 00:00:00,106.835,107.905,106.645,107.72,-1
13/08/2015 00:00:00,107.335,107.74,106.715,106.84,-1
14/08/2015 00:00:00,107.14,107.475,106.545,106.705,-1
17/08/2015 00:00:00,106.615,107.62,106.615,107.075,-1
18/08/2015 00:00:00,107.15,107.485,106.315,107.005,-1
19/08/2015 00:00:00,107.31,108.85,107.215,108.6,-1
20/08/2015 00:00:00,108.935,110.885,108.585,110.79,-1
21/08/2015 00:00:00,110.815,111.415,110.11,111.37,-1
24/08/2015 00:00:00,111.365,112.12,109.775,110.77,-1
25/08/2015 00:00:00,110.375,110.725,108.71,109.745,-1
26/08/2015 00:00:00,109.4,109.425,107.075,107.8,-1
27/08/2015 00:00:00,108.48,109.025,107.115,108.005,-1
28/08/2015 00:00:00,109.12,109.295,107.39,108.69,-1
31/08/2015 00:00:00,108.08,109.35,107.595,108.05,-1
01/09/2015 00:00:00,108.48,109.96,108.245,109.14,-1
02/09/2015 00:00:00,109.06,109.375,108.165,108.455,-1
03/09/2015 00:00:00,109.05,109.05,107.465,107.97,-1
04/09/2015 00:00:00,107.985,108.595,107.035,107.595,-1
08/09/2015 00:00:00,107.845,107.945,107.155,107.595,-1
09/09/2015 00:00:00,107.76,108.02,105.485,105.985,-1
10/09/2015 00:00:00,106.0,106.795,105.51,106.665,-1
11/09/2015 00:00:00,106.48,106.48,105.265,106.05,-1
14/09/2015 00:00:00,106.1,106.615,105.58,105.955,-1
15/09/2015 00:00:00,105.77,106.24,105.37,105.85,-1
16/09/2015 00:00:00,106.04,107.705,106.04,107.375,-1
17/09/2015 00:00:00,107.16,108.925,106.88,108.305,-1
18/09/2015 00:00:00,108.95,109.46,108.315,109.41,-1
21/09/2015 00:00:00,109.015,109.185,108.185,108.43,-1
22/09/2015 00:00:00,108.165,108.725,107.38,107.695,-1
23/09/2015 00:00:00,107.815,108.665,107.5,108.365,-1
24/09/2015 00:00:00,108.455,110.815,107.915,110.17,-1
25/09/2015 00:00:00,109.9,110.025,109.28,109.755,-1
28/09/2015 00:00:00,109.05,109.815,107.91,108.425,-1
29/09/2015 00:00:00,108.255,108.695,107.405,107.94,-1
30/09/2015 00:00:00,108.055,108.26,106.465,106.715,-1
01/10/2015 00:00:00,106.655,107.205,106.54,106.775,-1
02/10/2015 00:00:00,106.47,109.315,105.85,109.165,-1
05/10/2015 00:00:00,108.06,109.375,108.055,108.635,-1
06/10/2015 00:00:00,108.81,110.265,108.615,109.9,-1
07/10/2015 00:00:00,109.69,110.52,109.3,109.56,-1
08/10/2015 00:00:00,109.57,110.265,108.865,109.13,-1
09/10/2015 00:00:00,110.49,111.055,109.455,110.74,-1
12/10/2015 00:00:00,111.725,111.92,111.015,111.325,-1
13/10/2015 00:00:00,111.165,112.125,110.34,112.0,-1
14/10/2015 00:00:00,112.315,113.955,110.94,113.57,-1
15/10/2015 00:00:00,113.355,114.195,112.195,113.205,-1
16/10/2015 00:00:00,111.765,113.435,111.765,112.605,-1
19/10/2015 00:00:00,111.94,113.205,111.505,112.045,-1
20/10/2015 00:00:00,112.295,113.25,111.565,112.57,-1
21/10/2015 00:00:00,113.365,113.365,111.415,111.68,-1
22/10/2015 00:00:00,111.785,112.215,111.27,111.46,-1
23/10/2015 00:00:00,111.75,150.585,110.965,111.475,-1
26/10/2015 00:00:00,110.8,111.98,110.8,111.275,-1
27/10/2015 00:00:00,111.405,112.225,110.78,111.645,-1
28/10/2015 00:00:00,111.405,113.255,110.315,110.87,-1
29/10/2015 00:00:00,110.94,111.985,109.59,109.925,-1
30/10/2015 00:00:00,111.015,111.015,109.065,109.32,-1
02/11/2015 00:00:00,110.76,110.76,108.33,108.53,-1
03/11/2015 00:00:00,109.555,109.61,106.685,107.22,-1
04/11/2015 00:00:00,107.825,107.865,105.915,106.135,-1
05/11/2015 00:00:00,107.31,107.57,105.585,106.045,-1
06/11/2015 00:00:00,105.98,106.425,103.915,104.145,-1
09/11/2015 00:00:00,104.32,105.51,104.185,104.405,-1
10/11/2015 00:00:00,104.875,104.995,103.865,104.265,-1
11/11/2015 00:00:00,104.17,104.405,103.775,104.04,-1
12/11/2015 00:00:00,104.05,104.315,102.815,103.74,-1
13/11/2015 00:00:00,103.705,104.335,103.305,104.095,-1
16/11/2015 00:00:00,104.475,104.745,103.515,103.785,-1
17/11/2015 00:00:00,103.58,103.81,101.975,102.23,-1
18/11/2015 00:00:00,102.49,102.945,102.055,102.74,-1
19/11/2015 00:00:00,102.95,104.085,102.335,103.53,-1
20/11/2015 00:00:00,103.9,104.5,102.975,103.165,-1
23/11/2015 00:00:00,102.835,103.245,102.1,102.35,-1
24/11/2015 00:00:00,102.885,103.47,102.48,102.995,-1
25/11/2015 00:00:00,103.14,103.43,102.205,102.52,-1
27/11/2015 00:00:00,101.905,102.405,100.785,101.125,-1
30/11/2015 00:00:00,101.95,102.43,100.45,101.975,-1
01/12/2015 00:00:00,101.405,102.755,101.13,102.385,-1
02/12/2015 00:00:00,101.515,102.555,100.535,100.74,-1
03/12/2015 00:00:00,101.59,102.375,100.25,101.68,-1
04/12/2015 00:00:00,102.125,104.205,101.415,104.05,-1
07/12/2015 00:00:00,103.76,103.81,102.08,102.455,-1
08/12/2015 00:00:00,103.335,103.6,102.145,102.88,-1
09/12/2015 00:00:00,103.43,103.86,102.085,102.715,-1
10/12/2015 00:00:00,102.855,103.58,102.03,102.385,-1
11/12/2015 00:00:00,102.285,103.325,101.605,103.21,-1
14/12/2015 00:00:00,102.035,103.495,101.23,102.3,-1
15/12/2015 00:00:00,102.81,103.175,101.37,101.575,-1
16/12/2015 00:00:00,102.45,103.19,101.66,102.5,-1
17/12/2015 00:00:00,102.48,102.78,100.235,100.74,-1
18/12/2015 00:00:00,100.93,102.535,100.905,101.955,-1
21/12/2015 00:00:00,102.7,103.515,101.61,103.105,-1
22/12/2015 00:00:00,103.405,103.72,102.55,102.805,-1
23/12/2015 00:00:00,102.45,103.09,102.15,102.41,-1
24/12/2015 00:00:00,102.17,103.16,102.17,102.925,-1
28/12/2015 00:00:00,101.965,103.0,101.735,102.225,-1
29/12/2015 00:00:00,102.215,102.84,102.115,102.305,-1
30/12/2015 00:00:00,102.795,102.915,101.345,101.465,-1
