31/12/2012 00:00:00,9248.0,9369.6,8540.8,8617.6,-1
02/01/2013 00:00:00,8470.4,8480.0,7849.6,7904.0,-1
03/01/2013 00:00:00,7868.8,8022.4,7753.6,7884.8,-1
04/01/2013 00:00:00,7897.6,7910.4,7702.4,7795.2,-1
07/01/2013 00:00:00,7756.8,7907.2,7756.8,7814.4,-1
08/01/2013 00:00:00,7910.4,7964.8,7798.4,7833.6,-1
09/01/2013 00:00:00,7865.6,7865.6,7696.0,7715.2,-1
10/01/2013 00:00:00,7696.0,7817.6,7600.0,7664.0,-1
11/01/2013 00:00:00,7676.8,7801.6,7664.0,7721.6,-1
14/01/2013 00:00:00,7692.8,7785.6,7670.4,7731.2,-1
15/01/2013 00:00:00,7804.8,7900.8,7574.4,7593.6,-1
16/01/2013 00:00:00,7657.6,7721.6,7606.4,7673.6,-1
17/01/2013 00:00:00,7644.8,7696.0,7408.0,7465.6,-1
18/01/2013 00:00:00,7382.4,7497.6,7350.4,7363.2,-1
22/01/2013 00:00:00,7340.8,7446.4,7145.6,7164.8,-1
23/01/2013 00:00:00,7200.0,7363.2,7187.2,7363.2,-1
24/01/2013 00:00:00,7404.8,7404.8,7068.8,7216.0,-1
25/01/2013 00:00:00,7120.0,7196.8,7036.8,7075.2,-1
28/01/2013 00:00:00,7104.0,7171.2,6979.2,7036.8,-1
29/01/2013 00:00:00,7088.0,7120.0,6979.2,6992.0,-1
30/01/2013 00:00:00,7020.8,7337.6,6976.0,7289.6,-1
31/01/2013 00:00:00,7292.8,7334.4,7075.2,7075.2,-1
01/02/2013 00:00:00,7094.4,7094.4,6854.4,6921.6,-1
04/02/2013 00:00:00,6928.0,7203.2,6915.2,7148.8,-1
05/02/2013 00:00:00,7084.8,7139.2,6915.2,6966.4,-1
06/02/2013 00:00:00,6976.0,7120.0,6883.2,6915.2,-1
07/02/2013 00:00:00,6937.6,7094.4,6876.8,6972.8,-1
08/02/2013 00:00:00,6976.0,7008.0,6800.0,6825.6,-1
11/02/2013 00:00:00,6806.4,6928.0,6764.8,6828.8,-1
12/02/2013 00:00:00,6940.8,6940.8,6716.8,6739.2,-1
13/02/2013 00:00:00,6940.8,6940.8,6643.2,6672.0,-1
14/02/2013 00:00:00,6704.0,6755.2,6569.6,6627.2,-1
15/02/2013 00:00:00,6627.2,6652.8,6537.6,6601.6,-1
19/02/2013 00:00:00,6601.6,6640.0,6384.0,6390.4,-1
20/02/2013 00:00:00,6371.2,6806.4,6371.2,6768.0,-1
21/02/2013 00:00:00,6841.6,7094.4,6764.8,6921.6,-1
22/02/2013 00:00:00,6934.4,6982.4,6710.4,6752.0,-1
25/02/2013 00:00:00,6771.2,7196.8,6604.8,7094.4,-1
26/02/2013 00:00:00,7088.0,7209.6,6979.2,7116.8,-1
27/02/2013 00:00:00,7097.6,7152.0,6729.6,6825.6,-1
28/02/2013 00:00:00,6848.0,6883.2,6684.8,6867.2,-1
01/03/2013 00:00:00,6848.0,7094.4,6684.8,6710.4,-1
04/03/2013 00:00:00,6732.8,6864.0,6633.6,6640.0,-1
05/03/2013 00:00:00,6678.4,6720.0,6403.2,6438.4,-1
06/03/2013 00:00:00,6470.4,6470.4,6345.6,6403.2,-1
07/03/2013 00:00:00,6428.8,6451.2,6259.2,6291.2,-1
08/03/2013 00:00:00,6275.2,6275.2,6102.4,6137.6,-1
11/03/2013 00:00:00,6070.4,6230.4,6070.4,6121.6,-1
12/03/2013 00:00:00,6105.6,6217.6,6105.6,6153.6,-1
13/03/2013 00:00:00,6188.8,6252.8,6051.2,6067.2,-1
14/03/2013 00:00:00,6067.2,6067.2,5897.6,5916.8,-1
15/03/2013 00:00:00,5884.8,5974.4,5862.4,5929.6,-1
18/03/2013 00:00:00,6076.8,6160.0,5936.0,5980.8,-1
19/03/2013 00:00:00,5977.6,6230.4,5916.8,6118.4,-1
20/03/2013 00:00:00,6041.6,6060.8,5904.0,5968.0,-1
21/03/2013 00:00:00,6016.0,6121.6,5948.8,6070.4,-1
22/03/2013 00:00:00,6118.4,6124.8,5961.6,5980.8,-1
25/03/2013 00:00:00,5932.8,6115.2,5852.8,5980.8,-1
26/03/2013 00:00:00,5945.6,6025.6,5891.2,5926.4,-1
27/03/2013 00:00:00,5945.6,6115.2,5910.4,5932.8,-1
28/03/2013 00:00:00,5958.4,5964.8,5865.6,5907.2,-1
01/04/2013 00:00:00,1476.0,1554.4,1472.8,1536.8,-1
02/04/2013 00:00:00,6166.4,6263.2,5949.6,6199.2,-1
03/04/2013 00:00:00,6203.2,6581.6,6051.2,6520.0,-1
04/04/2013 00:00:00,6424.0,6575.2,6368.8,6408.8,-1
05/04/2013 00:00:00,6412.8,6688.0,6387.2,6425.6,-1
08/04/2013 00:00:00,6365.6,6492.0,6192.8,6216.8,-1
09/04/2013 00:00:00,6239.2,6338.4,6148.0,6303.2,-1
10/04/2013 00:00:00,6271.2,6272.0,5924.0,5956.0,-1
11/04/2013 00:00:00,5962.4,5988.0,5831.2,5904.8,-1
12/04/2013 00:00:00,5908.8,6140.0,5810.4,6031.2,-1
15/04/2013 00:00:00,6053.6,6804.8,6053.6,6647.2,-1
16/04/2013 00:00:00,6592.0,6685.6,6308.0,6380.0,-1
17/04/2013 00:00:00,6427.2,6836.0,6306.4,6656.8,-1
18/04/2013 00:00:00,6638.4,6871.2,6465.6,6760.8,-1
19/04/2013 00:00:00,6703.2,6853.6,6527.2,6579.2,-1
22/04/2013 00:00:00,6564.8,6840.8,6430.4,6464.8,-1
23/04/2013 00:00:00,6548.8,6584.8,6142.4,6197.6,-1
24/04/2013 00:00:00,6116.0,6245.6,6059.2,6088.0,-1
25/04/2013 00:00:00,6190.4,6190.4,5860.0,5959.2,-1
26/04/2013 00:00:00,5976.8,6124.0,5962.4,6058.4,-1
29/04/2013 00:00:00,6095.2,6120.8,5877.6,5925.6,-1
30/04/2013 00:00:00,6050.4,6050.4,5786.4,5793.6,-1
01/05/2013 00:00:00,5816.0,6255.2,5802.4,6217.6,-1
02/05/2013 00:00:00,6237.6,6276.0,5900.0,5951.2,-1
03/05/2013 00:00:00,5947.2,5972.8,5520.8,5644.0,-1
06/05/2013 00:00:00,5615.2,5666.4,5522.4,5542.4,-1
07/05/2013 00:00:00,5526.4,5583.2,5405.6,5420.8,-1
08/05/2013 00:00:00,5388.8,5485.6,5341.6,5348.0,-1
09/05/2013 00:00:00,5356.8,5469.6,5346.4,5391.2,-1
10/05/2013 00:00:00,5426.4,5426.4,5272.8,5314.4,-1
13/05/2013 00:00:00,5341.6,5360.8,5240.8,5277.6,-1
14/05/2013 00:00:00,5572.8,5572.8,5085.6,5100.8,-1
15/05/2013 00:00:00,5174.4,5174.4,4988.0,5040.8,-1
16/05/2013 00:00:00,5014.4,5133.6,4608.8,5088.0,-1
17/05/2013 00:00:00,5471.2,5471.2,4922.4,4939.2,-1
20/05/2013 00:00:00,4916.0,4997.6,4840.8,4901.6,-1
21/05/2013 00:00:00,4898.4,4950.4,4848.8,4881.6,-1
22/05/2013 00:00:00,4899.2,5205.6,4727.2,5060.0,-1
23/05/2013 00:00:00,5299.2,5327.2,5064.0,5071.2,-1
24/05/2013 00:00:00,5137.6,5271.2,5060.0,5077.6,-1
28/05/2013 00:00:00,4991.2,4994.4,4746.4,4920.8,-1
29/05/2013 00:00:00,5319.2,5339.2,4935.2,5026.4,-1
30/05/2013 00:00:00,5360.0,5360.0,4890.4,4940.0,-1
31/05/2013 00:00:00,5386.4,5400.0,4904.8,5108.0,-1
03/06/2013 00:00:00,5387.2,5387.2,4924.0,4978.4,-1
04/06/2013 00:00:00,5387.2,5387.2,4871.2,5088.8,-1
05/06/2013 00:00:00,5387.2,5387.2,5027.2,5288.0,-1
06/06/2013 00:00:00,5287.2,5405.6,5096.8,5114.4,-1
07/06/2013 00:00:00,5424.8,5424.8,4968.8,5031.2,-1
10/06/2013 00:00:00,5424.8,5424.8,4912.8,4925.6,-1
11/06/2013 00:00:00,4997.6,5199.2,4952.0,5060.8,-1
12/06/2013 00:00:00,5397.6,5397.6,4954.4,5241.6,-1
13/06/2013 00:00:00,5397.6,5397.6,4911.2,4934.4,-1
14/06/2013 00:00:00,5397.6,5397.6,4920.8,5075.2,-1
17/06/2013 00:00:00,5397.6,5397.6,4877.6,4938.4,-1
18/06/2013 00:00:00,5384.0,5384.0,4744.8,4773.6,-1
19/06/2013 00:00:00,5337.6,5337.6,4716.8,4979.2,-1
20/06/2013 00:00:00,4985.6,5404.0,4985.6,5352.8,-1
21/06/2013 00:00:00,5261.6,5519.2,5224.8,5342.4,-1
24/06/2013 00:00:00,5405.6,5648.8,5367.2,5477.6,-1
25/06/2013 00:00:00,5505.6,5505.6,5312.8,5356.8,-1
26/06/2013 00:00:00,5388.0,5388.0,5180.0,5284.8,-1
27/06/2013 00:00:00,5310.4,5310.4,5000.8,5022.4,-1
28/06/2013 00:00:00,5037.6,5154.4,4937.6,5096.8,-1
01/07/2013 00:00:00,4968.0,5109.6,4788.0,4870.4,-1
02/07/2013 00:00:00,4851.2,4967.2,4764.0,4860.0,-1
03/07/2013 00:00:00,4944.8,4972.0,4791.2,4816.0,-1
05/07/2013 00:00:00,4718.4,4834.4,4558.4,4624.8,-1
08/07/2013 00:00:00,4640.8,4640.8,4516.0,4564.8,-1
09/07/2013 00:00:00,4572.0,4612.8,4428.0,4445.6,-1
10/07/2013 00:00:00,4426.4,4485.6,4311.2,4315.2,-1
11/07/2013 00:00:00,4277.6,4327.2,4242.4,4272.8,-1
12/07/2013 00:00:00,4288.8,4305.6,4176.8,4219.2,-1
15/07/2013 00:00:00,4232.8,4248.0,4106.4,4116.8,-1
16/07/2013 00:00:00,4072.0,4208.8,4072.0,4164.0,-1
17/07/2013 00:00:00,4106.4,4192.0,4072.8,4130.4,-1
18/07/2013 00:00:00,4088.0,4131.2,3996.0,4072.8,-1
19/07/2013 00:00:00,3989.6,4097.6,3989.6,4014.4,-1
22/07/2013 00:00:00,3964.0,4045.6,3958.4,3983.2,-1
23/07/2013 00:00:00,3960.8,4029.6,3934.4,3984.8,-1
24/07/2013 00:00:00,3969.6,4125.6,3936.8,4084.8,-1
25/07/2013 00:00:00,4152.8,4172.8,3978.4,3981.6,-1
26/07/2013 00:00:00,4152.8,4152.8,3988.0,4036.0,-1
29/07/2013 00:00:00,4196.8,4196.8,4023.2,4128.8,-1
30/07/2013 00:00:00,4156.0,4179.2,4066.4,4084.0,-1
31/07/2013 00:00:00,4156.0,4156.0,3973.6,4067.2,-1
01/08/2013 00:00:00,4190.4,4190.4,3896.8,3907.2,-1
02/08/2013 00:00:00,3935.2,3976.8,3901.6,3909.6,-1
05/08/2013 00:00:00,3911.2,3943.2,3863.2,3883.2,-1
06/08/2013 00:00:00,3968.8,4020.0,3878.4,3998.4,-1
07/08/2013 00:00:00,3987.2,4100.0,3916.0,4049.6,-1
08/08/2013 00:00:00,4088.0,4090.4,3967.2,4026.4,-1
09/08/2013 00:00:00,4032.8,4092.0,3975.2,4042.4,-1
12/08/2013 00:00:00,4025.6,4147.2,3960.0,3962.4,-1
13/08/2013 00:00:00,3982.4,4060.0,3920.0,3982.4,-1
14/08/2013 00:00:00,4016.0,4068.0,3964.0,4060.8,-1
15/08/2013 00:00:00,4016.0,4291.2,4016.0,4260.0,-1
16/08/2013 00:00:00,4268.0,4330.4,4218.4,4296.8,-1
19/08/2013 00:00:00,4301.6,4440.8,4280.8,4430.4,-1
20/08/2013 00:00:00,4452.8,4501.6,4215.2,4248.0,-1
21/08/2013 00:00:00,4252.0,4382.4,4192.0,4382.4,-1
22/08/2013 00:00:00,4381.6,4381.6,4124.0,4132.8,-1
23/08/2013 00:00:00,4151.2,4191.2,4086.4,4100.8,-1
26/08/2013 00:00:00,4049.6,4154.4,4029.6,4119.2,-1
27/08/2013 00:00:00,4158.4,4413.6,4082.4,4400.0,-1
28/08/2013 00:00:00,4368.8,4423.2,4311.2,4384.8,-1
29/08/2013 00:00:00,4280.0,4396.0,4181.6,4232.8,-1
30/08/2013 00:00:00,4238.4,4440.8,4213.6,4408.8,-1
03/09/2013 00:00:00,4215.2,4456.8,4165.6,4340.0,-1
04/09/2013 00:00:00,4356.8,4377.6,4203.2,4209.6,-1
05/09/2013 00:00:00,4215.2,4234.4,4152.8,4190.4,-1
06/09/2013 00:00:00,4132.8,4367.2,4106.4,4181.6,-1
09/09/2013 00:00:00,4179.2,4182.4,3962.4,3964.0,-1
10/09/2013 00:00:00,3956.8,3969.6,3856.8,3863.2,-1
11/09/2013 00:00:00,3872.0,3904.8,3829.6,3850.4,-1
12/09/2013 00:00:00,3840.0,3938.4,3840.0,3912.0,-1
13/09/2013 00:00:00,3907.2,3951.2,3858.4,3860.0,-1
16/09/2013 00:00:00,3725.6,3864.8,3661.6,3861.6,-1
17/09/2013 00:00:00,3888.8,3898.4,3712.8,3717.6,-1
18/09/2013 00:00:00,3744.0,3818.4,3570.4,3600.8,-1
19/09/2013 00:00:00,3604.8,3668.0,3568.0,3633.6,-1
20/09/2013 00:00:00,3665.6,3678.4,3596.0,3672.8,-1
23/09/2013 00:00:00,3647.2,3756.0,3639.2,3685.6,-1
24/09/2013 00:00:00,3703.2,3724.8,3559.2,3634.4,-1
25/09/2013 00:00:00,3662.4,3672.8,3552.8,3644.0,-1
26/09/2013 00:00:00,3632.8,3663.2,3552.8,3578.4,-1
27/09/2013 00:00:00,3616.0,3677.6,3594.4,3636.0,-1
30/09/2013 00:00:00,3723.2,3776.8,3615.2,3621.6,-1
01/10/2013 00:00:00,3606.4,3652.8,3485.6,3504.0,-1
02/10/2013 00:00:00,3592.0,3615.2,3519.2,3613.6,-1
03/10/2013 00:00:00,3574.4,3725.6,3554.4,3675.2,-1
04/10/2013 00:00:00,3703.2,3703.2,3557.6,3583.2,-1
07/10/2013 00:00:00,3700.8,3726.4,3620.0,3716.0,-1
08/10/2013 00:00:00,3712.0,3911.2,3682.4,3847.2,-1
09/10/2013 00:00:00,3856.0,4007.2,3815.2,3916.8,-1
10/10/2013 00:00:00,3747.2,3849.6,3632.8,3676.0,-1
11/10/2013 00:00:00,3704.8,3704.8,3472.8,3475.2,-1
14/10/2013 00:00:00,3508.0,3578.4,3426.4,3429.6,-1
15/10/2013 00:00:00,3494.4,3559.2,3396.0,3464.0,-1
16/10/2013 00:00:00,3475.2,3500.0,3397.6,3423.2,-1
17/10/2013 00:00:00,3470.4,3479.2,3285.6,3293.6,-1
18/10/2013 00:00:00,3265.6,3292.0,3194.4,3206.4,-1
21/10/2013 00:00:00,3166.4,3236.0,3165.6,3221.6,-1
22/10/2013 00:00:00,3192.0,3241.6,3132.0,3209.6,-1
23/10/2013 00:00:00,3248.8,3277.6,3205.6,3226.4,-1
24/10/2013 00:00:00,3213.6,3231.2,3149.6,3156.8,-1
25/10/2013 00:00:00,3191.2,3207.2,3133.6,3179.2,-1
28/10/2013 00:00:00,3194.4,3215.2,3136.8,3164.8,-1
29/10/2013 00:00:00,3160.8,3208.8,3119.2,3141.6,-1
30/10/2013 00:00:00,3182.4,3292.0,3111.2,3287.2,-1
31/10/2013 00:00:00,3284.0,3351.2,3237.6,3307.2,-1
01/11/2013 00:00:00,3297.6,3436.0,3284.0,3373.6,-1
04/11/2013 00:00:00,3342.4,3392.8,3236.0,3256.8,-1
05/11/2013 00:00:00,3252.0,3346.4,3252.0,3276.0,-1
06/11/2013 00:00:00,3290.4,3349.6,3214.4,3339.2,-1
07/11/2013 00:00:00,3330.4,3501.6,3256.8,3471.2,-1
08/11/2013 00:00:00,3470.4,3524.0,3280.8,3300.8,-1
11/11/2013 00:00:00,3296.0,3351.2,3268.0,3288.8,-1
12/11/2013 00:00:00,3292.0,3346.4,3274.4,3280.0,-1
13/11/2013 00:00:00,3271.2,3358.4,3163.2,3171.2,-1
14/11/2013 00:00:00,3231.2,3248.8,3162.4,3193.6,-1
15/11/2013 00:00:00,3197.6,3212.0,3143.2,3152.0,-1
18/11/2013 00:00:00,3135.2,3245.6,3104.8,3204.8,-1
19/11/2013 00:00:00,3176.0,3311.2,3165.6,3256.8,-1
20/11/2013 00:00:00,3272.0,3324.0,3204.0,3282.4,-1
21/11/2013 00:00:00,3244.8,3268.0,3101.6,3104.0,-1
22/11/2013 00:00:00,3058.4,3132.8,3048.8,3060.0,-1
25/11/2013 00:00:00,3029.6,3074.4,3021.6,3049.6,-1
26/11/2013 00:00:00,3057.6,3065.6,2962.4,2980.0,-1
27/11/2013 00:00:00,2980.8,2992.8,2920.0,2924.0,-1
29/11/2013 00:00:00,2937.6,2937.6,2872.8,2912.8,-1
02/12/2013 00:00:00,2909.6,3029.6,2883.2,2999.2,-1
03/12/2013 00:00:00,2995.2,3093.6,2988.0,3059.2,-1
04/12/2013 00:00:00,3048.0,3167.2,3002.4,3067.2,-1
05/12/2013 00:00:00,3081.6,3104.8,3036.0,3076.0,-1
06/12/2013 00:00:00,3076.8,3076.8,2946.4,2997.6,-1
09/12/2013 00:00:00,2996.8,3040.8,2965.6,2989.6,-1
10/12/2013 00:00:00,2996.8,3093.6,2979.2,3046.4,-1
11/12/2013 00:00:00,3068.0,3250.4,3052.8,3214.4,-1
12/12/2013 00:00:00,3126.4,3250.4,3126.4,3215.2,-1
13/12/2013 00:00:00,3140.0,3244.0,3115.2,3184.0,-1
16/12/2013 00:00:00,3128.0,3184.0,3060.0,3070.4,-1
17/12/2013 00:00:00,3056.0,3136.8,3046.4,3079.2,-1
18/12/2013 00:00:00,3100.8,3158.4,2938.4,2948.0,-1
19/12/2013 00:00:00,2951.2,3023.2,2928.8,3011.2,-1
20/12/2013 00:00:00,3009.6,3020.8,2840.8,2856.8,-1
23/12/2013 00:00:00,2838.4,2844.0,2762.4,2773.6,-1
24/12/2013 00:00:00,2780.8,2782.4,2716.0,2720.0,-1
26/12/2013 00:00:00,2689.6,2738.4,2677.6,2728.8,-1
27/12/2013 00:00:00,2720.0,2762.4,2693.6,2740.0,-1
30/12/2013 00:00:00,2746.4,2756.0,2717.6,2743.2,-1
31/12/2013 00:00:00,2747.2,2748.0,2695.2,2703.2,-1
02/01/2014 00:00:00,2703.2,2836.0,2703.2,2792.8,-1
03/01/2014 00:00:00,2780.8,2805.6,2748.0,2766.4,-1
06/01/2014 00:00:00,2780.0,2832.0,2720.8,2824.0,-1
07/01/2014 00:00:00,2781.6,2808.8,2727.2,2764.8,-1
08/01/2014 00:00:00,2760.0,2802.4,2733.6,2755.2,-1
09/01/2014 00:00:00,2778.4,2796.0,2707.2,2749.6,-1
10/01/2014 00:00:00,2752.8,2780.0,2696.0,2700.0,-1
13/01/2014 00:00:00,2705.6,2855.2,2701.6,2795.2,-1
14/01/2014 00:00:00,2818.4,2820.0,2696.8,2708.0,-1
15/01/2014 00:00:00,2704.0,2704.0,2640.8,2642.4,-1
16/01/2014 00:00:00,2620.8,2668.0,2620.8,2643.2,-1
17/01/2014 00:00:00,2643.2,2676.0,2616.0,2658.4,-1
21/01/2014 00:00:00,2642.4,2671.2,2597.6,2620.0,-1
22/01/2014 00:00:00,2603.2,2628.8,2556.0,2560.8,-1
23/01/2014 00:00:00,2599.2,2672.8,2577.6,2616.0,-1
24/01/2014 00:00:00,2637.6,2844.0,2637.6,2842.4,-1
27/01/2014 00:00:00,2808.8,2996.0,2764.8,2944.8,-1
28/01/2014 00:00:00,2925.6,2946.4,2787.2,2804.8,-1
29/01/2014 00:00:00,2804.0,3000.8,2804.0,2951.2,-1
30/01/2014 00:00:00,2933.6,2969.6,2796.0,2875.2,-1
31/01/2014 00:00:00,2897.6,2996.0,2845.6,2905.6,-1
03/02/2014 00:00:00,2901.6,3218.4,2881.6,3173.6,-1
04/02/2014 00:00:00,3071.2,3228.0,3053.6,3145.6,-1
05/02/2014 00:00:00,3144.8,3293.6,3122.4,3163.2,-1
06/02/2014 00:00:00,3156.0,3186.4,3060.0,3118.4,-1
07/02/2014 00:00:00,3104.8,3187.2,2986.4,2986.4,-1
10/02/2014 00:00:00,3030.4,3056.8,2966.4,2976.8,-1
11/02/2014 00:00:00,2929.6,2983.2,2866.4,2904.8,-1
12/02/2014 00:00:00,2894.4,2908.0,2816.8,2869.6,-1
13/02/2014 00:00:00,2860.8,2940.0,2736.8,2755.2,-1
14/02/2014 00:00:00,2767.2,2799.2,2724.0,2737.6,-1
18/02/2014 00:00:00,2752.0,2767.2,2636.0,2656.0,-1
19/02/2014 00:00:00,2662.4,2733.6,2621.6,2714.4,-1
20/02/2014 00:00:00,2726.4,2760.8,2624.8,2630.4,-1
21/02/2014 00:00:00,2618.4,2639.2,2584.8,2616.8,-1
24/02/2014 00:00:00,2633.6,2633.6,2506.4,2550.4,-1
25/02/2014 00:00:00,2559.2,2576.8,2509.6,2536.0,-1
26/02/2014 00:00:00,2532.0,2559.2,2452.0,2500.0,-1
27/02/2014 00:00:00,2525.6,2552.8,2452.8,2460.8,-1
28/02/2014 00:00:00,2461.6,2532.0,2413.6,2494.4,-1
03/03/2014 00:00:00,2547.2,2608.8,2504.8,2519.2,-1
04/03/2014 00:00:00,2542.4,2542.4,2290.4,2332.0,-1
05/03/2014 00:00:00,2326.4,2351.2,2313.6,2331.2,-1
06/03/2014 00:00:00,2339.2,2356.0,2308.0,2331.2,-1
07/03/2014 00:00:00,2343.2,2378.4,2285.6,2344.0,-1
10/03/2014 00:00:00,2378.4,2410.4,2348.0,2368.0,-1
11/03/2014 00:00:00,2370.4,2468.0,2333.6,2454.4,-1
12/03/2014 00:00:00,2445.6,2506.4,2402.4,2404.0,-1
13/03/2014 00:00:00,2380.0,2535.2,2368.0,2502.4,-1
14/03/2014 00:00:00,2496.8,2543.2,2444.0,2473.6,-1
17/03/2014 00:00:00,2464.0,2464.0,2368.8,2434.4,-1
18/03/2014 00:00:00,2477.6,2483.2,2324.0,2332.8,-1
19/03/2014 00:00:00,2350.4,2421.6,2319.2,2376.0,-1
20/03/2014 00:00:00,2384.8,2420.0,2339.2,2351.2,-1
21/03/2014 00:00:00,2377.6,2394.4,2296.8,2392.8,-1
24/03/2014 00:00:00,2368.0,2536.8,2354.4,2471.2,-1
25/03/2014 00:00:00,2488.8,2524.0,2388.0,2464.8,-1
26/03/2014 00:00:00,2469.6,2631.2,2413.6,2608.8,-1
27/03/2014 00:00:00,2584.8,2682.4,2568.8,2626.4,-1
28/03/2014 00:00:00,2621.6,2663.2,2525.6,2622.4,-1
31/03/2014 00:00:00,2604.8,2624.8,2479.2,2504.8,-1
01/04/2014 00:00:00,2496.8,2496.8,2383.2,2387.2,-1
02/04/2014 00:00:00,2384.0,2410.4,2346.4,2373.6,-1
03/04/2014 00:00:00,2376.8,2469.6,2360.0,2425.6,-1
04/04/2014 00:00:00,2424.8,2636.0,2383.2,2595.2,-1
07/04/2014 00:00:00,2640.0,2772.0,2624.8,2702.4,-1
08/04/2014 00:00:00,2696.8,2765.6,2623.2,2668.8,-1
09/04/2014 00:00:00,2694.4,2694.4,2551.2,2556.8,-1
10/04/2014 00:00:00,2556.0,2804.0,2550.4,2777.6,-1
11/04/2014 00:00:00,2760.0,2920.8,2749.6,2875.2,-1
14/04/2014 00:00:00,2899.2,2940.0,2760.8,2847.2,-1
15/04/2014 00:00:00,2850.4,3015.2,2780.0,2794.4,-1
16/04/2014 00:00:00,2780.8,2818.4,2727.2,2774.4,-1
17/04/2014 00:00:00,2773.6,2851.2,2656.8,2681.6,-1
21/04/2014 00:00:00,2706.4,2733.6,2619.2,2652.0,-1
22/04/2014 00:00:00,2660.0,2669.6,2544.8,2571.2,-1
23/04/2014 00:00:00,2559.2,2623.2,2553.6,2558.4,-1
24/04/2014 00:00:00,2560.0,2698.4,2546.4,2642.4,-1
25/04/2014 00:00:00,2640.0,2800.8,2635.2,2775.2,-1
28/04/2014 00:00:00,2752.8,2941.6,2704.8,2804.0,-1
29/04/2014 00:00:00,2784.8,2864.0,2744.8,2805.6,-1
30/04/2014 00:00:00,2828.8,2896.8,2726.4,2744.8,-1
01/05/2014 00:00:00,2749.6,2847.2,2688.8,2756.8,-1
02/05/2014 00:00:00,2744.0,2764.8,2660.0,2747.2,-1
05/05/2014 00:00:00,2733.6,2847.2,2728.8,2761.6,-1
06/05/2014 00:00:00,2721.6,2887.2,2721.6,2883.2,-1
07/05/2014 00:00:00,2889.6,3008.8,2839.2,2871.2,-1
08/05/2014 00:00:00,2878.4,2988.0,2791.2,2979.2,-1
09/05/2014 00:00:00,2972.0,3021.6,2874.4,2881.6,-1
12/05/2014 00:00:00,2871.2,2873.6,2647.2,2676.8,-1
13/05/2014 00:00:00,2667.2,2768.8,2660.8,2763.2,-1
14/05/2014 00:00:00,2765.6,2908.0,2765.6,2881.6,-1
15/05/2014 00:00:00,2868.0,3066.4,2868.0,2959.2,-1
16/05/2014 00:00:00,2964.0,3020.0,2892.0,2893.6,-1
19/05/2014 00:00:00,2937.6,2957.6,2781.6,2804.8,-1
20/05/2014 00:00:00,2805.6,2978.4,2788.0,2945.6,-1
21/05/2014 00:00:00,2960.0,2970.4,2847.2,2887.2,-1
22/05/2014 00:00:00,2903.2,2903.2,2773.6,2802.4,-1
23/05/2014 00:00:00,2795.2,2815.2,2700.0,2707.2,-1
27/05/2014 00:00:00,2696.8,2696.8,2568.8,2590.4,-1
28/05/2014 00:00:00,2596.8,2656.8,2567.2,2628.8,-1
29/05/2014 00:00:00,2627.2,2645.6,2584.8,2596.8,-1
30/05/2014 00:00:00,2623.2,2668.0,2591.2,2636.0,-1
02/06/2014 00:00:00,2628.8,2735.2,2605.6,2688.8,-1
03/06/2014 00:00:00,2696.0,2756.0,2668.0,2699.2,-1
04/06/2014 00:00:00,2703.2,2751.2,2653.6,2660.0,-1
05/06/2014 00:00:00,2662.4,2684.0,2488.8,2493.6,-1
06/06/2014 00:00:00,2492.0,2493.6,2400.8,2408.0,-1
09/06/2014 00:00:00,2408.8,2436.0,2324.0,2360.8,-1
10/06/2014 00:00:00,2368.8,2413.6,2362.4,2374.4,-1
11/06/2014 00:00:00,2383.2,2447.2,2382.4,2410.4,-1
12/06/2014 00:00:00,2388.0,2477.6,2379.2,2446.4,-1
13/06/2014 00:00:00,2448.8,2493.6,2416.8,2435.2,-1
16/06/2014 00:00:00,2460.8,2470.4,2397.6,2397.6,-1
17/06/2014 00:00:00,2398.4,2421.6,2322.4,2353.6,-1
18/06/2014 00:00:00,2369.6,2376.8,2290.4,2295.2,-1
19/06/2014 00:00:00,2308.0,2338.4,2273.6,2306.4,-1
20/06/2014 00:00:00,2295.2,2311.2,2268.8,2275.2,-1
23/06/2014 00:00:00,2284.8,2303.2,2245.6,2296.0,-1
24/06/2014 00:00:00,2298.4,2362.4,2234.4,2357.6,-1
25/06/2014 00:00:00,2350.4,2423.2,2295.2,2302.4,-1
26/06/2014 00:00:00,2302.4,2362.4,2288.0,2308.8,-1
27/06/2014 00:00:00,2308.8,2340.0,2253.6,2266.4,-1
30/06/2014 00:00:00,2264.0,2294.4,2231.2,2235.2,-1
01/07/2014 00:00:00,2247.2,2247.2,2114.4,2162.4,-1
02/07/2014 00:00:00,2157.6,2199.2,2144.8,2188.8,-1
03/07/2014 00:00:00,2205.6,2205.6,2146.4,2156.8,-1
07/07/2014 00:00:00,2168.0,2263.2,2164.0,2261.6,-1
08/07/2014 00:00:00,2263.2,2375.2,2256.8,2326.4,-1
09/07/2014 00:00:00,2330.4,2359.2,2295.2,2332.0,-1
10/07/2014 00:00:00,2324.0,2501.6,2324.0,2405.6,-1
11/07/2014 00:00:00,2396.8,2450.4,2357.6,2420.0,-1
14/07/2014 00:00:00,2428.0,2428.0,2324.0,2374.4,-1
15/07/2014 00:00:00,2404.8,2488.8,2357.6,2443.2,-1
16/07/2014 00:00:00,2443.2,2492.0,2397.6,2480.8,-1
17/07/2014 00:00:00,2467.2,2628.0,2466.4,2608.0,-1
18/07/2014 00:00:00,2550.4,2597.6,2445.6,2456.0,-1
21/07/2014 00:00:00,2496.0,2535.2,2466.4,2495.2,-1
22/07/2014 00:00:00,2484.0,2484.0,2392.8,2440.0,-1
23/07/2014 00:00:00,2428.0,2437.6,2381.6,2410.4,-1
24/07/2014 00:00:00,2417.6,2463.2,2367.2,2461.6,-1
25/07/2014 00:00:00,2440.8,2517.6,2440.8,2503.2,-1
28/07/2014 00:00:00,2492.0,2583.2,2468.0,2535.2,-1
29/07/2014 00:00:00,2534.4,2555.2,2460.0,2500.8,-1
30/07/2014 00:00:00,2502.4,2512.8,2440.8,2484.0,-1
31/07/2014 00:00:00,2498.4,2660.0,2498.4,2645.6,-1
01/08/2014 00:00:00,2638.4,2744.8,2612.8,2688.8,-1
04/08/2014 00:00:00,2655.2,2743.2,2605.6,2631.2,-1
05/08/2014 00:00:00,2644.0,2692.0,2575.2,2634.4,-1
06/08/2014 00:00:00,2640.0,2713.6,2559.2,2600.0,-1
07/08/2014 00:00:00,2600.8,2674.4,2554.4,2653.6,-1
08/08/2014 00:00:00,2712.0,2730.4,2560.8,2572.8,-1
11/08/2014 00:00:00,2544.8,2552.8,2436.0,2498.4,-1
12/08/2014 00:00:00,2463.2,2580.0,2463.2,2540.8,-1
13/08/2014 00:00:00,2516.0,2535.2,2472.8,2488.8,-1
14/08/2014 00:00:00,2478.4,2511.2,2460.8,2468.0,-1
15/08/2014 00:00:00,2464.0,2560.8,2404.8,2473.6,-1
18/08/2014 00:00:00,2472.0,2476.8,2376.8,2383.2,-1
19/08/2014 00:00:00,2395.2,2404.8,2338.4,2362.4,-1
20/08/2014 00:00:00,2367.2,2416.8,2367.2,2385.6,-1
21/08/2014 00:00:00,2388.8,2452.0,2357.6,2371.2,-1
22/08/2014 00:00:00,2384.0,2409.6,2343.2,2359.2,-1
25/08/2014 00:00:00,2337.6,2359.2,2295.2,2337.6,-1
26/08/2014 00:00:00,2350.4,2356.8,2261.6,2263.2,-1
27/08/2014 00:00:00,2271.2,2298.4,2252.8,2287.2,-1
28/08/2014 00:00:00,2281.6,2344.8,2281.6,2308.0,-1
29/08/2014 00:00:00,2283.2,2335.2,2268.0,2279.2,-1
02/09/2014 00:00:00,2293.6,2293.6,2228.0,2245.6,-1
03/09/2014 00:00:00,2259.2,2295.2,2189.6,2288.8,-1
04/09/2014 00:00:00,2287.2,2327.2,2226.4,2301.6,-1
05/09/2014 00:00:00,2308.0,2359.2,2279.2,2285.6,-1
08/09/2014 00:00:00,2292.0,2320.8,2264.8,2276.8,-1
09/09/2014 00:00:00,2288.0,2368.8,2263.2,2352.8,-1
10/09/2014 00:00:00,2331.2,2386.4,2308.0,2317.6,-1
11/09/2014 00:00:00,2312.8,2366.4,2260.0,2266.4,-1
12/09/2014 00:00:00,2273.6,2365.6,2258.4,2348.8,-1
15/09/2014 00:00:00,2344.0,2444.0,2338.4,2416.8,-1
16/09/2014 00:00:00,2425.6,2464.8,2378.4,2398.4,-1
17/09/2014 00:00:00,2413.6,2416.8,2335.2,2371.2,-1
18/09/2014 00:00:00,2368.0,2388.0,2321.6,2332.0,-1
19/09/2014 00:00:00,2348.8,2445.6,2295.2,2436.8,-1
22/09/2014 00:00:00,2516.0,2554.4,2453.6,2544.8,-1
23/09/2014 00:00:00,2512.0,2625.6,2509.6,2616.0,-1
24/09/2014 00:00:00,2605.6,2624.8,2520.8,2531.2,-1
25/09/2014 00:00:00,2530.4,2679.2,2521.6,2635.2,-1
26/09/2014 00:00:00,2648.0,2648.8,2576.8,2593.6,-1
29/09/2014 00:00:00,2618.4,2681.6,2568.8,2593.6,-1
30/09/2014 00:00:00,2595.2,2725.6,2554.4,2718.4,-1
01/10/2014 00:00:00,2679.2,2847.2,2671.2,2820.8,-1
02/10/2014 00:00:00,2745.6,2887.2,2704.8,2744.0,-1
03/10/2014 00:00:00,2714.4,2724.0,2628.0,2683.2,-1
06/10/2014 00:00:00,2649.6,2765.6,2634.4,2744.8,-1
07/10/2014 00:00:00,2753.6,2897.6,2753.6,2878.4,-1
08/10/2014 00:00:00,2837.6,2973.6,2706.4,2720.8,-1
09/10/2014 00:00:00,2709.6,2960.8,2620.0,2952.0,-1
10/10/2014 00:00:00,2908.0,3071.2,2863.2,3040.0,-1
13/10/2014 00:00:00,3085.6,3128.8,2919.2,3045.6,-1
14/10/2014 00:00:00,2996.8,3088.0,2840.8,2920.0,-1
15/10/2014 00:00:00,2931.2,3133.6,2844.0,2898.4,-1
16/10/2014 00:00:00,2880.0,3047.2,2719.2,2764.8,-1
17/10/2014 00:00:00,2743.2,2836.0,2628.0,2796.0,-1
20/10/2014 00:00:00,2807.2,2861.6,2668.8,2703.2,-1
21/10/2014 00:00:00,2689.6,2709.6,2559.2,2572.0,-1
22/10/2014 00:00:00,2598.4,2685.6,2536.8,2667.2,-1
23/10/2014 00:00:00,2652.8,2659.2,2488.8,2527.2,-1
24/10/2014 00:00:00,2592.0,2592.0,2508.0,2516.8,-1
27/10/2014 00:00:00,2527.2,2629.6,2512.8,2520.8,-1
28/10/2014 00:00:00,2480.8,2538.4,2299.2,2335.2,-1
29/10/2014 00:00:00,2304.8,2383.2,2269.6,2339.2,-1
30/10/2014 00:00:00,2318.4,2399.2,2240.8,2263.2,-1
31/10/2014 00:00:00,2211.2,2234.4,2136.8,2180.0,-1
03/11/2014 00:00:00,2180.0,2204.0,2124.0,2194.4,-1
04/11/2014 00:00:00,2201.6,2237.6,2170.4,2206.4,-1
05/11/2014 00:00:00,2203.2,2221.6,2152.8,2196.8,-1
06/11/2014 00:00:00,2184.8,2223.2,2159.2,2162.4,-1
07/11/2014 00:00:00,2166.4,2213.6,2144.8,2173.6,-1
10/11/2014 00:00:00,2168.8,2186.4,2122.4,2131.2,-1
11/11/2014 00:00:00,2123.2,2148.0,2116.8,2123.2,-1
12/11/2014 00:00:00,2134.4,2168.0,2082.4,2096.8,-1
13/11/2014 00:00:00,2102.4,2157.6,2061.6,2147.2,-1
14/11/2014 00:00:00,2144.0,2170.4,2125.6,2141.6,-1
17/11/2014 00:00:00,2152.0,2208.8,2141.6,2197.6,-1
18/11/2014 00:00:00,2209.6,2209.6,2128.8,2172.0,-1
19/11/2014 00:00:00,2180.8,2280.8,2166.4,2236.8,-1
20/11/2014 00:00:00,2248.0,2277.6,2161.6,2167.2,-1
21/11/2014 00:00:00,2138.4,2176.8,2058.4,2154.4,-1
24/11/2014 00:00:00,2144.0,2149.6,2072.8,2081.6,-1
25/11/2014 00:00:00,2070.4,2100.0,2036.0,2072.0,-1
26/11/2014 00:00:00,2076.0,2084.8,2040.8,2048.8,-1
28/11/2014 00:00:00,2047.2,2146.4,2037.6,2127.2,-1
01/12/2014 00:00:00,2176.8,2267.2,2058.4,2231.2,-1
02/12/2014 00:00:00,2228.0,2235.2,2136.8,2152.8,-1
03/12/2014 00:00:00,2168.0,2172.0,2079.2,2097.6,-1
04/12/2014 00:00:00,2093.6,2159.2,2084.0,2121.6,-1
05/12/2014 00:00:00,2122.4,2132.0,2064.8,2079.2,-1
08/12/2014 00:00:00,2078.4,2175.2,2044.0,2151.2,-1
09/12/2014 00:00:00,2165.6,2237.6,2042.4,2060.8,-1
10/12/2014 00:00:00,2058.4,2183.2,2048.8,2164.0,-1
11/12/2014 00:00:00,2161.6,2196.0,2061.6,2173.6,-1
12/12/2014 00:00:00,2188.0,2257.6,2156.0,2232.8,-1
15/12/2014 00:00:00,2228.0,2316.0,2168.8,2278.4,-1
16/12/2014 00:00:00,2280.0,2335.2,2186.4,2296.8,-1
17/12/2014 00:00:00,2300.0,2307.2,2085.6,2088.8,-1
18/12/2014 00:00:00,2076.0,2076.0,1982.4,1988.8,-1
19/12/2014 00:00:00,1988.0,2021.6,1956.0,1978.4,-1
22/12/2014 00:00:00,1968.8,1986.4,1940.0,1946.4,-1
23/12/2014 00:00:00,1951.2,1954.4,1903.2,1936.0,-1
24/12/2014 00:00:00,1931.2,1941.6,1904.8,1916.8,-1
26/12/2014 00:00:00,1917.6,1917.6,1866.4,1871.2,-1
29/12/2014 00:00:00,1888.0,1891.2,1840.8,1850.4,-1
30/12/2014 00:00:00,1860.8,1890.4,1848.8,1881.6,-1
31/12/2014 00:00:00,1879.2,1932.0,1839.2,1922.4,-1
02/01/2015 00:00:00,1901.6,2004.0,1865.6,1955.2,-1
05/01/2015 00:00:00,1953.6,2058.4,1951.2,2017.6,-1
06/01/2015 00:00:00,2015.2,2186.4,2008.0,2124.0,-1
07/01/2015 00:00:00,2119.2,2127.2,2055.2,2056.0,-1
08/01/2015 00:00:00,2022.4,2041.6,1948.0,1955.2,-1
09/01/2015 00:00:00,1964.8,2020.0,1939.2,2011.2,-1
12/01/2015 00:00:00,1968.8,2076.0,1960.0,2020.8,-1
13/01/2015 00:00:00,2013.6,2098.4,1916.0,2021.6,-1
14/01/2015 00:00:00,2056.8,2111.2,2004.0,2029.6,-1
15/01/2015 00:00:00,2019.2,2209.6,1995.2,2196.0,-1
16/01/2015 00:00:00,2168.8,2217.6,2031.2,2050.4,-1
20/01/2015 00:00:00,2048.0,2122.4,2006.4,2071.2,-1
21/01/2015 00:00:00,2072.0,2117.6,2036.0,2092.0,-1
22/01/2015 00:00:00,2081.6,2128.8,1952.8,1960.0,-1
23/01/2015 00:00:00,1931.2,1992.8,1924.8,1976.8,-1
26/01/2015 00:00:00,1980.0,2015.2,1898.4,1902.4,-1
27/01/2015 00:00:00,1928.0,1984.8,1898.4,1915.2,-1
28/01/2015 00:00:00,1907.2,2048.8,1882.4,2020.0,-1
29/01/2015 00:00:00,2027.2,2061.6,1933.6,1946.4,-1
30/01/2015 00:00:00,1936.0,2077.6,1936.0,2068.0,-1
02/02/2015 00:00:00,2065.6,2144.8,2008.8,2024.0,-1
03/02/2015 00:00:00,1997.6,2028.8,1904.8,1917.6,-1
04/02/2015 00:00:00,1925.6,1968.8,1893.6,1947.2,-1
05/02/2015 00:00:00,1949.6,1956.0,1844.0,1861.6,-1
06/02/2015 00:00:00,1864.0,1880.8,1816.8,1854.4,-1
09/02/2015 00:00:00,1876.8,1911.2,1842.4,1894.4,-1
10/02/2015 00:00:00,1881.6,1940.0,1857.6,1876.8,-1
11/02/2015 00:00:00,1889.6,1914.4,1836.8,1869.6,-1
12/02/2015 00:00:00,1872.0,1872.0,1808.8,1816.8,-1
13/02/2015 00:00:00,1822.4,1822.4,1773.6,1778.4,-1
17/02/2015 00:00:00,1800.0,1800.8,1757.6,1769.6,-1
18/02/2015 00:00:00,1775.2,1794.4,1756.8,1762.4,-1
19/02/2015 00:00:00,1772.0,1776.8,1743.2,1752.8,-1
20/02/2015 00:00:00,1760.8,1802.4,1735.2,1741.6,-1
23/02/2015 00:00:00,1757.6,1786.4,1729.6,1737.6,-1
24/02/2015 00:00:00,1753.6,1754.4,1712.8,1733.6,-1
25/02/2015 00:00:00,1740.0,1746.4,1712.8,1724.0,-1
26/02/2015 00:00:00,1736.0,1741.6,1701.6,1715.2,-1
27/02/2015 00:00:00,1712.8,1731.2,1700.0,1724.0,-1
02/03/2015 00:00:00,1729.6,1735.2,1680.8,1696.8,-1
03/03/2015 00:00:00,1704.8,1740.0,1700.8,1737.6,-1
04/03/2015 00:00:00,1729.6,1767.2,1725.6,1739.2,-1
05/03/2015 00:00:00,1747.2,1756.0,1714.4,1722.4,-1
06/03/2015 00:00:00,1723.2,1797.6,1718.4,1770.4,-1
09/03/2015 00:00:00,1777.6,1792.8,1754.4,1764.8,-1
10/03/2015 00:00:00,1779.2,1842.4,1776.8,1819.2,-1
11/03/2015 00:00:00,1817.6,1842.4,1779.2,1786.4,-1
12/03/2015 00:00:00,1760.0,1788.0,1692.0,1694.4,-1
13/03/2015 00:00:00,1712.0,1775.2,1695.2,1719.2,-1
16/03/2015 00:00:00,1736.0,1737.6,1679.2,1693.6,-1
17/03/2015 00:00:00,1723.2,1736.0,1669.6,1674.4,-1
18/03/2015 00:00:00,1680.0,1706.4,1616.0,1632.0,-1
19/03/2015 00:00:00,1635.2,1655.2,1615.2,1619.2,-1
20/03/2015 00:00:00,1628.0,1628.0,1575.2,1583.2,-1
23/03/2015 00:00:00,1581.6,1599.2,1570.4,1588.0,-1
24/03/2015 00:00:00,1592.8,1598.4,1570.4,1576.8,-1
25/03/2015 00:00:00,1575.2,1701.6,1575.2,1688.0,-1
26/03/2015 00:00:00,1711.2,1740.0,1680.8,1700.8,-1
27/03/2015 00:00:00,1696.8,1722.4,1666.4,1676.8,-1
30/03/2015 00:00:00,1636.8,1670.4,1596.0,1609.6,-1
31/03/2015 00:00:00,1610.4,1651.2,1605.6,1620.0,-1
01/04/2015 00:00:00,1622.4,1674.4,1609.6,1622.4,-1
02/04/2015 00:00:00,1634.4,1637.6,1584.0,1606.4,-1
06/04/2015 00:00:00,1638.4,1658.4,1576.0,1590.4,-1
07/04/2015 00:00:00,1586.4,1624.0,1575.2,1623.2,-1
08/04/2015 00:00:00,1602.4,1623.2,1567.2,1578.4,-1
09/04/2015 00:00:00,1593.6,1636.0,1565.6,1580.0,-1
10/04/2015 00:00:00,1599.2,1599.2,1562.4,1568.0,-1
13/04/2015 00:00:00,1580.0,1580.0,1540.0,1566.4,-1
14/04/2015 00:00:00,1553.6,1597.6,1551.2,1562.4,-1
15/04/2015 00:00:00,1557.6,1576.8,1512.8,1527.2,-1
16/04/2015 00:00:00,1528.8,1544.8,1525.6,1533.6,-1
17/04/2015 00:00:00,1536.8,1628.0,1536.8,1607.2,-1
20/04/2015 00:00:00,1587.2,1602.4,1549.6,1564.0,-1
21/04/2015 00:00:00,1527.2,1569.6,1527.2,1565.6,-1
22/04/2015 00:00:00,1562.4,1604.8,1552.8,1562.4,-1
23/04/2015 00:00:00,1568.0,1596.0,1528.8,1534.4,-1
24/04/2015 00:00:00,1552.8,1557.6,1530.4,1546.4,-1
27/04/2015 00:00:00,1555.2,1618.4,1514.4,1596.0,-1
28/04/2015 00:00:00,1592.8,1648.8,1567.2,1573.6,-1
29/04/2015 00:00:00,1579.2,1643.2,1571.2,1637.6,-1
30/04/2015 00:00:00,1644.0,1749.6,1640.8,1713.6,-1
01/05/2015 00:00:00,1708.8,1740.0,1688.8,1697.6,-1
04/05/2015 00:00:00,1688.0,1726.4,1639.2,1680.0,-1
05/05/2015 00:00:00,1688.0,1762.4,1668.0,1743.2,-1
06/05/2015 00:00:00,1748.0,1765.6,1712.8,1731.2,-1
07/05/2015 00:00:00,1737.6,1764.0,1682.4,1696.0,-1
08/05/2015 00:00:00,1694.4,1712.8,1640.8,1676.8,-1
11/05/2015 00:00:00,1679.2,1683.2,1624.8,1661.6,-1
12/05/2015 00:00:00,1668.8,1735.2,1653.6,1657.6,-1
13/05/2015 00:00:00,1665.6,1690.4,1630.4,1664.8,-1
14/05/2015 00:00:00,1668.8,1687.2,1615.2,1620.0,-1
15/05/2015 00:00:00,1610.4,1648.8,1603.2,1623.2,-1
18/05/2015 00:00:00,1625.6,1645.6,1564.0,1565.6,-1
19/05/2015 00:00:00,1572.0,1594.4,1555.2,1575.2,-1
20/05/2015 00:00:00,1573.6,1592.8,1551.2,1574.4,-1
21/05/2015 00:00:00,1570.4,1588.0,1551.2,1572.0,-1
22/05/2015 00:00:00,1579.2,1604.0,1559.2,1588.0,-1
26/05/2015 00:00:00,1592.8,1660.0,1590.4,1628.8,-1
27/05/2015 00:00:00,1620.0,1650.4,1568.8,1576.8,-1
28/05/2015 00:00:00,1575.2,1608.8,1571.2,1575.2,-1
29/05/2015 00:00:00,1605.6,1626.4,1568.8,1605.6,-1
01/06/2015 00:00:00,1576.8,1637.6,1566.4,1585.6,-1
02/06/2015 00:00:00,1588.0,1638.4,1552.8,1582.4,-1
03/06/2015 00:00:00,1576.8,1583.2,1527.2,1530.4,-1
04/06/2015 00:00:00,1551.2,1594.4,1538.4,1572.0,-1
05/06/2015 00:00:00,1572.0,1623.2,1540.0,1544.8,-1
08/06/2015 00:00:00,1560.0,1573.6,1536.8,1560.8,-1
09/06/2015 00:00:00,1564.8,1613.6,1564.0,1578.4,-1
10/06/2015 00:00:00,1579.2,1580.0,1504.8,1520.0,-1
11/06/2015 00:00:00,1521.6,1524.8,1501.6,1512.8,-1
12/06/2015 00:00:00,1520.0,1538.4,1512.0,1521.6,-1
15/06/2015 00:00:00,1531.2,1591.2,1527.2,1537.6,-1
16/06/2015 00:00:00,1565.6,1572.8,1496.8,1503.2,-1
17/06/2015 00:00:00,1494.4,1519.2,1485.6,1516.8,-1
18/06/2015 00:00:00,1524.0,1524.0,1440.8,1448.8,-1
19/06/2015 00:00:00,1467.2,1467.2,1440.8,1458.4,-1
22/06/2015 00:00:00,1442.4,1452.0,1418.4,1420.8,-1
23/06/2015 00:00:00,1440.0,1440.8,1408.8,1411.2,-1
24/06/2015 00:00:00,1417.6,1452.0,1410.4,1442.4,-1
25/06/2015 00:00:00,1438.4,1468.0,1423.2,1445.6,-1
26/06/2015 00:00:00,1444.0,1482.4,1432.8,1464.8,-1
29/06/2015 00:00:00,1500.0,1575.2,1476.0,1554.4,-1
30/06/2015 00:00:00,1556.0,1570.4,1518.4,1543.2,-1
01/07/2015 00:00:00,1520.8,1559.2,1488.8,1539.2,-1
02/07/2015 00:00:00,1552.8,1583.2,1522.4,1564.8,-1
06/07/2015 00:00:00,1580.8,1605.6,1541.6,1554.4,-1
07/07/2015 00:00:00,1547.2,1653.6,1530.4,1569.6,-1
08/07/2015 00:00:00,1615.2,1661.6,1584.8,1627.2,-1
09/07/2015 00:00:00,1604.0,1631.2,1568.8,1593.6,-1
10/07/2015 00:00:00,1568.8,1599.2,1543.2,1558.4,-1
13/07/2015 00:00:00,1541.6,1552.8,1492.8,1499.2,-1
14/07/2015 00:00:00,1508.8,1508.8,1464.8,1471.2,-1
15/07/2015 00:00:00,1471.2,1504.8,1464.8,1488.8,-1
16/07/2015 00:00:00,1476.8,1484.8,1453.6,1463.2,-1
17/07/2015 00:00:00,1468.8,1500.0,1459.2,1488.0,-1
20/07/2015 00:00:00,1474.4,1520.8,1470.4,1515.2,-1
21/07/2015 00:00:00,1508.8,1552.8,1485.6,1546.4,-1
22/07/2015 00:00:00,1552.0,1554.4,1504.8,1508.8,-1
23/07/2015 00:00:00,1515.2,1573.6,1500.0,1552.8,-1
24/07/2015 00:00:00,1555.2,1642.4,1548.8,1635.2,-1
27/07/2015 00:00:00,1601.6,1692.0,1601.6,1674.4,-1
28/07/2015 00:00:00,1657.6,1732.0,1622.4,1640.8,-1
29/07/2015 00:00:00,1644.0,1661.6,1608.8,1630.4,-1
30/07/2015 00:00:00,1644.8,1660.0,1604.0,1612.0,-1
31/07/2015 00:00:00,1612.8,1632.8,1556.0,1586.4,-1
03/08/2015 00:00:00,1596.0,1639.2,1575.2,1612.8,-1
04/08/2015 00:00:00,1608.8,1634.4,1581.6,1628.0,-1
05/08/2015 00:00:00,1620.0,1621.6,1559.2,1602.4,-1
06/08/2015 00:00:00,1613.6,1706.4,1588.8,1674.4,-1
07/08/2015 00:00:00,1694.4,1736.8,1674.4,1703.2,-1
10/08/2015 00:00:00,1684.0,1713.6,1634.4,1643.2,-1
11/08/2015 00:00:00,1655.2,1709.6,1652.0,1684.0,-1
12/08/2015 00:00:00,1722.4,1780.0,1680.8,1695.2,-1
13/08/2015 00:00:00,1676.0,1720.8,1664.0,1717.6,-1
14/08/2015 00:00:00,1700.8,1736.8,1674.4,1676.0,-1
17/08/2015 00:00:00,1676.8,1711.2,1623.2,1624.8,-1
18/08/2015 00:00:00,1588.8,1669.6,1588.8,1669.6,-1
19/08/2015 00:00:00,1664.8,1743.2,1664.0,1723.2,-1
20/08/2015 00:00:00,1735.2,1869.6,1735.2,1854.4,-1
21/08/2015 00:00:00,1854.4,1940.0,1813.6,1903.2,-1
24/08/2015 00:00:00,1997.6,2231.2,1946.4,2111.2,-1
25/08/2015 00:00:00,1966.4,2197.6,1880.0,2187.2,-1
26/08/2015 00:00:00,2119.2,2196.0,2002.4,2008.0,-1
27/08/2015 00:00:00,1967.2,2020.0,1872.8,1894.4,-1
28/08/2015 00:00:00,1930.4,1944.0,1837.6,1852.0,-1
31/08/2015 00:00:00,1887.2,1898.4,1832.8,1892.0,-1
01/09/2015 00:00:00,1934.4,2044.0,1904.0,2004.0,-1
02/09/2015 00:00:00,1960.8,2021.6,1904.8,1904.8,-1
03/09/2015 00:00:00,1893.6,1940.0,1861.6,1924.0,-1
04/09/2015 00:00:00,1955.2,2015.2,1933.6,1968.8,-1
08/09/2015 00:00:00,1886.4,1921.6,1834.4,1841.6,-1
09/09/2015 00:00:00,1796.0,1919.2,1787.2,1905.6,-1
10/09/2015 00:00:00,1868.8,1936.8,1844.0,1888.0,-1
11/09/2015 00:00:00,1890.4,1924.0,1834.4,1836.8,-1
14/09/2015 00:00:00,1872.0,1884.0,1815.2,1856.0,-1
15/09/2015 00:00:00,1880.8,1896.8,1800.0,1805.6,-1
16/09/2015 00:00:00,1812.8,1821.6,1757.6,1760.8,-1
17/09/2015 00:00:00,1790.4,1796.0,1677.6,1754.4,-1
18/09/2015 00:00:00,1718.4,1831.2,1718.4,1805.6,-1
21/09/2015 00:00:00,1800.0,1845.6,1744.8,1811.2,-1
22/09/2015 00:00:00,1850.4,1941.6,1846.4,1918.4,-1
23/09/2015 00:00:00,1906.4,1950.4,1874.4,1923.2,-1
24/09/2015 00:00:00,1939.2,2004.0,1895.2,1926.4,-1
25/09/2015 00:00:00,1912.8,2036.0,1840.0,2021.6,-1
28/09/2015 00:00:00,2008.8,2200.8,2008.8,2172.0,-1
29/09/2015 00:00:00,2184.0,2258.4,2130.4,2216.0,-1
30/09/2015 00:00:00,545.4,550.6,527.4,532.4,-1
01/10/2015 00:00:00,2064.0,2224.4,2037.8,2120.6,-1
02/10/2015 00:00:00,2054.0,2242.8,2015.0,2030.8,-1
05/10/2015 00:00:00,2035.2,2097.4,1882.4,1906.2,-1
06/10/2015 00:00:00,1921.8,1965.8,1871.4,1956.4,-1
07/10/2015 00:00:00,1880.0,1965.4,1819.6,1826.6,-1
08/10/2015 00:00:00,1838.6,1860.0,1767.2,1782.6,-1
09/10/2015 00:00:00,1786.8,1793.2,1748.6,1770.8,-1
12/10/2015 00:00:00,1784.2,1797.4,1755.6,1765.4,-1
13/10/2015 00:00:00,1778.0,1857.2,1741.4,1855.4,-1
14/10/2015 00:00:00,1854.6,1911.0,1810.2,1891.4,-1
15/10/2015 00:00:00,1880.8,1910.6,1751.2,1761.6,-1
16/10/2015 00:00:00,1764.0,1816.6,1742.2,1778.8,-1
19/10/2015 00:00:00,1771.8,1808.0,1734.6,1764.4,-1
20/10/2015 00:00:00,1762.0,1788.6,1731.4,1778.4,-1
21/10/2015 00:00:00,1775.2,1852.6,1742.0,1841.0,-1
22/10/2015 00:00:00,1837.0,1847.6,1762.0,1768.6,-1
23/10/2015 00:00:00,1777.6,1798.8,1730.2,1752.6,-1
26/10/2015 00:00:00,1758.8,1787.4,1744.4,1772.2,-1
27/10/2015 00:00:00,1775.8,1870.8,1764.2,1844.2,-1
28/10/2015 00:00:00,1834.4,1837.2,1675.6,1683.0,-1
29/10/2015 00:00:00,1694.2,1744.6,1678.2,1727.6,-1
30/10/2015 00:00:00,1721.6,1765.2,1711.8,1753.0,-1
02/11/2015 00:00:00,1769.0,1769.2,1631.0,1650.8,-1
03/11/2015 00:00:00,1655.8,1671.0,1592.2,1624.8,-1
04/11/2015 00:00:00,1641.4,1646.0,1593.4,1621.2,-1
05/11/2015 00:00:00,1623.4,1671.0,1594.8,1624.4,-1
06/11/2015 00:00:00,1625.4,1663.0,1574.4,1575.6,-1
09/11/2015 00:00:00,1580.0,1660.2,1560.6,1639.0,-1
10/11/2015 00:00:00,1646.0,1674.2,1615.4,1622.4,-1
11/11/2015 00:00:00,1606.6,1671.0,1590.6,1665.8,-1
12/11/2015 00:00:00,1658.6,1768.0,1658.6,1735.2,-1
13/11/2015 00:00:00,1731.6,1835.0,1731.6,1829.4,-1
16/11/2015 00:00:00,1777.4,1831.8,1750.6,1764.2,-1
17/11/2015 00:00:00,1767.6,1780.0,1702.6,1775.0,-1
18/11/2015 00:00:00,1701.4,1789.8,1678.6,1686.0,-1
19/11/2015 00:00:00,1737.0,1737.0,1663.2,1704.0,-1
20/11/2015 00:00:00,1700.0,1709.8,1646.8,1670.6,-1
23/11/2015 00:00:00,1722.0,1742.6,1624.6,1634.4,-1
24/11/2015 00:00:00,1686.8,1686.8,1602.6,1613.4,-1
25/11/2015 00:00:00,1623.4,1623.6,1565.8,1567.8,-1
27/11/2015 00:00:00,1577.6,1582.2,1542.6,1551.0,-1
30/11/2015 00:00:00,1590.6,1590.8,1514.8,1552.4,-1
01/12/2015 00:00:00,1561.0,1580.6,1540.2,1545.6,-1
02/12/2015 00:00:00,1588.2,1596.6,1532.6,1582.0,-1
03/12/2015 00:00:00,1555.6,1689.6,1541.2,1663.6,-1
04/12/2015 00:00:00,1635.4,1687.6,1613.4,1614.8,-1
07/12/2015 00:00:00,1620.8,1712.6,1602.0,1692.2,-1
08/12/2015 00:00:00,1706.8,1759.4,1660.0,1717.0,-1
09/12/2015 00:00:00,1725.4,1797.6,1684.2,1766.4,-1
10/12/2015 00:00:00,1774.6,1797.2,1730.4,1759.2,-1
11/12/2015 00:00:00,1768.8,1898.6,1713.8,1893.4,-1
14/12/2015 00:00:00,1868.4,1958.0,1852.4,1912.8,-1
15/12/2015 00:00:00,1919.4,1940.2,1821.4,1835.4,-1
16/12/2015 00:00:00,1841.8,1846.0,1739.8,1753.6,-1
17/12/2015 00:00:00,1755.0,1860.4,1707.6,1844.4,-1
18/12/2015 00:00:00,1852.0,1896.0,1818.2,1884.4,-1
21/12/2015 00:00:00,1786.2,1886.6,1780.6,1836.4,-1
22/12/2015 00:00:00,1836.4,1872.4,1777.2,1796.2,-1
23/12/2015 00:00:00,1803.4,1803.6,1719.0,1731.6,-1
24/12/2015 00:00:00,1748.2,1748.4,1687.8,1703.4,-1
28/12/2015 00:00:00,1720.0,1785.8,1712.8,1742.2,-1
29/12/2015 00:00:00,1750.0,1751.0,1671.2,1683.6,-1
30/12/2015 00:00:00,1686.8,1743.6,1676.8,1736.8,-1
31/12/2015 00:00:00,1738.6,1808.4,1734.4,1783.2,-1
