02/01/2013 00:00:00,269.36,273.24,269.36,270.16,-1
03/01/2013 00:00:00,270.24,272.8,269.16,269.16,-1
04/01/2013 00:00:00,269.68,271.72,266.52,271.32,-1
07/01/2013 00:00:00,268.6,271.72,268.56,271.16,-1
08/01/2013 00:00:00,268.72,272.88,268.72,271.4,-1
09/01/2013 00:00:00,272.48,272.6,269.88,270.92,-1
10/01/2013 00:00:00,270.72,275.4,270.72,274.0,-1
11/01/2013 00:00:00,273.12,273.48,269.64,272.56,-1
14/01/2013 00:00:00,271.52,274.56,270.6,274.12,-1
15/01/2013 00:00:00,272.92,274.56,271.4,271.84,-1
16/01/2013 00:00:00,271.6,274.6,270.84,273.48,-1
17/01/2013 00:00:00,273.72,279.56,273.72,275.88,-1
18/01/2013 00:00:00,276.44,278.44,276.28,277.36,-1
22/01/2013 00:00:00,278.96,280.68,276.72,279.92,-1
23/01/2013 00:00:00,277.72,281.28,274.2,276.12,-1
24/01/2013 00:00:00,276.96,279.96,275.72,278.48,-1
25/01/2013 00:00:00,279.12,281.48,276.36,277.8,-1
28/01/2013 00:00:00,278.12,280.4,276.52,280.0,-1
29/01/2013 00:00:00,278.12,283.24,278.12,282.48,-1
30/01/2013 00:00:00,280.32,284.28,280.32,283.8,-1
31/01/2013 00:00:00,280.72,283.48,280.0,283.04,-1
01/02/2013 00:00:00,280.28,284.2,279.56,283.04,-1
04/02/2013 00:00:00,280.72,282.68,277.72,278.92,-1
05/02/2013 00:00:00,278.04,281.36,278.0,280.6,-1
06/02/2013 00:00:00,279.92,281.24,275.24,280.36,-1
07/02/2013 00:00:00,280.6,282.08,276.76,277.72,-1
08/02/2013 00:00:00,277.56,279.84,275.96,277.2,-1
11/02/2013 00:00:00,279.52,281.36,275.08,280.68,-1
12/02/2013 00:00:00,278.68,283.24,278.68,282.52,-1
13/02/2013 00:00:00,282.96,284.08,278.16,281.44,-1
14/02/2013 00:00:00,281.44,283.08,279.28,281.84,-1
15/02/2013 00:00:00,278.92,281.28,275.8,277.88,-1
19/02/2013 00:00:00,277.8,279.8,276.16,279.2,-1
20/02/2013 00:00:00,280.92,281.68,271.4,273.16,-1
21/02/2013 00:00:00,277.8,277.8,266.76,267.96,-1
22/02/2013 00:00:00,272.2,274.32,266.2,268.2,-1
25/02/2013 00:00:00,268.96,271.8,264.72,265.4,-1
26/02/2013 00:00:00,264.32,268.92,264.32,267.08,-1
27/02/2013 00:00:00,265.12,268.76,265.12,267.96,-1
28/02/2013 00:00:00,273.08,273.4,263.64,263.96,-1
01/03/2013 00:00:00,262.04,266.6,259.24,261.76,-1
04/03/2013 00:00:00,261.76,262.76,257.24,259.56,-1
05/03/2013 00:00:00,258.52,262.12,258.52,261.32,-1
06/03/2013 00:00:00,263.04,264.76,257.8,259.56,-1
07/03/2013 00:00:00,262.8,264.48,259.52,263.88,-1
08/03/2013 00:00:00,266.12,266.12,261.68,264.52,-1
11/03/2013 00:00:00,262.8,266.0,261.52,264.52,-1
12/03/2013 00:00:00,264.56,268.84,263.72,267.6,-1
13/03/2013 00:00:00,264.96,268.52,264.28,266.24,-1
14/03/2013 00:00:00,264.96,268.52,264.36,268.52,-1
15/03/2013 00:00:00,264.96,270.4,264.92,270.0,-1
18/03/2013 00:00:00,269.44,270.04,263.12,269.56,-1
19/03/2013 00:00:00,267.72,271.2,264.4,264.72,-1
20/03/2013 00:00:00,266.32,267.96,264.76,267.2,-1
21/03/2013 00:00:00,266.16,268.36,263.0,264.72,-1
22/03/2013 00:00:00,264.48,268.96,263.84,268.44,-1
25/03/2013 00:00:00,268.08,273.88,268.08,270.92,-1
26/03/2013 00:00:00,272.56,276.12,270.68,275.56,-1
27/03/2013 00:00:00,276.0,277.4,273.72,276.56,-1
28/03/2013 00:00:00,275.6,278.72,275.32,277.96,-1
01/04/2013 00:00:00,279.48,279.52,274.6,277.32,-1
02/04/2013 00:00:00,276.72,278.88,274.52,277.12,-1
03/04/2013 00:00:00,277.8,278.04,269.56,270.44,-1
04/04/2013 00:00:00,274.8,274.8,263.8,266.72,-1
05/04/2013 00:00:00,270.8,272.36,263.04,266.36,-1
08/04/2013 00:00:00,270.8,272.64,264.68,267.08,-1
09/04/2013 00:00:00,267.16,270.36,265.8,269.12,-1
10/04/2013 00:00:00,269.8,271.32,267.36,270.96,-1
11/04/2013 00:00:00,270.88,270.92,266.36,268.0,-1
12/04/2013 00:00:00,270.8,272.08,258.52,260.92,-1
15/04/2013 00:00:00,254.52,257.52,249.64,250.76,-1
16/04/2013 00:00:00,249.68,255.08,249.68,254.4,-1
17/04/2013 00:00:00,256.0,256.0,246.36,246.6,-1
18/04/2013 00:00:00,247.64,253.08,246.92,252.44,-1
19/04/2013 00:00:00,249.0,254.0,249.0,251.68,-1
22/04/2013 00:00:00,252.04,255.28,250.04,254.6,-1
23/04/2013 00:00:00,254.4,255.08,250.32,255.0,-1
24/04/2013 00:00:00,254.6,261.52,253.56,260.92,-1
25/04/2013 00:00:00,260.24,267.64,259.72,264.96,-1
26/04/2013 00:00:00,263.6,267.2,262.52,265.64,-1
29/04/2013 00:00:00,264.44,269.96,264.44,268.92,-1
30/04/2013 00:00:00,269.36,269.92,264.24,265.24,-1
01/05/2013 00:00:00,266.72,266.92,256.92,259.12,-1
02/05/2013 00:00:00,262.56,268.6,259.48,267.6,-1
03/05/2013 00:00:00,264.32,273.8,264.32,270.96,-1
06/05/2013 00:00:00,273.24,275.12,270.36,273.48,-1
07/05/2013 00:00:00,272.16,274.36,270.36,271.92,-1
08/05/2013 00:00:00,271.96,275.8,271.16,275.32,-1
09/05/2013 00:00:00,274.0,275.4,271.88,273.32,-1
10/05/2013 00:00:00,272.72,274.2,266.2,272.76,-1
13/05/2013 00:00:00,270.08,272.8,269.32,271.68,-1
14/05/2013 00:00:00,267.68,271.56,267.56,269.56,-1
15/05/2013 00:00:00,268.68,269.24,262.76,268.32,-1
16/05/2013 00:00:00,268.28,272.44,266.72,270.64,-1
17/05/2013 00:00:00,268.08,275.0,268.08,273.48,-1
20/05/2013 00:00:00,269.4,276.76,269.4,275.44,-1
21/05/2013 00:00:00,276.0,276.0,271.04,271.04,-1
22/05/2013 00:00:00,271.36,274.56,266.96,267.04,-1
23/05/2013 00:00:00,271.08,271.24,262.12,268.16,-1
24/05/2013 00:00:00,267.12,267.96,264.48,267.08,-1
28/05/2013 00:00:00,265.64,272.56,265.64,270.32,-1
29/05/2013 00:00:00,269.88,270.6,263.88,263.96,-1
30/05/2013 00:00:00,263.92,267.08,260.52,265.96,-1
31/05/2013 00:00:00,263.04,265.4,260.28,260.48,-1
03/06/2013 00:00:00,261.4,266.2,260.88,265.48,-1
04/06/2013 00:00:00,265.12,268.28,262.52,266.24,-1
05/06/2013 00:00:00,265.56,268.44,265.44,266.0,-1
06/06/2013 00:00:00,265.88,270.84,265.88,269.16,-1
07/06/2013 00:00:00,269.16,273.96,266.44,273.68,-1
10/06/2013 00:00:00,272.88,273.16,270.52,272.52,-1
11/06/2013 00:00:00,269.6,271.96,267.24,270.12,-1
12/06/2013 00:00:00,269.6,273.88,267.84,271.8,-1
13/06/2013 00:00:00,270.64,275.36,270.16,275.08,-1
14/06/2013 00:00:00,269.52,279.12,269.52,277.08,-1
17/06/2013 00:00:00,273.96,279.56,273.96,277.8,-1
18/06/2013 00:00:00,276.56,280.16,275.4,278.72,-1
19/06/2013 00:00:00,278.72,280.84,277.08,278.04,-1
20/06/2013 00:00:00,278.76,278.76,268.2,269.48,-1
21/06/2013 00:00:00,271.08,271.12,263.88,266.64,-1
24/06/2013 00:00:00,263.76,270.92,263.76,269.36,-1
25/06/2013 00:00:00,269.4,272.52,268.44,269.2,-1
26/06/2013 00:00:00,269.4,271.08,265.4,269.72,-1
27/06/2013 00:00:00,266.72,275.96,266.48,274.52,-1
28/06/2013 00:00:00,275.52,276.6,271.16,272.68,-1
01/07/2013 00:00:00,270.68,278.76,270.56,278.2,-1
02/07/2013 00:00:00,276.44,284.32,276.32,283.28,-1
03/07/2013 00:00:00,284.96,289.68,282.44,285.84,-1
05/07/2013 00:00:00,284.44,293.48,284.44,292.24,-1
08/07/2013 00:00:00,291.6,293.32,289.36,291.48,-1
09/07/2013 00:00:00,292.24,296.24,289.44,294.52,-1
10/07/2013 00:00:00,297.48,302.92,296.4,301.8,-1
11/07/2013 00:00:00,307.0,307.0,295.08,298.04,-1
12/07/2013 00:00:00,299.04,300.8,296.8,299.84,-1
15/07/2013 00:00:00,301.52,302.04,296.64,301.32,-1
16/07/2013 00:00:00,298.28,304.32,298.28,300.44,-1
17/07/2013 00:00:00,301.68,303.0,297.16,301.4,-1
18/07/2013 00:00:00,298.52,307.72,298.52,306.72,-1
19/07/2013 00:00:00,305.48,309.76,304.12,306.92,-1
22/07/2013 00:00:00,306.36,308.84,302.92,304.24,-1
23/07/2013 00:00:00,304.96,306.84,300.04,305.8,-1
24/07/2013 00:00:00,303.48,305.16,298.04,299.56,-1
25/07/2013 00:00:00,303.64,303.64,296.04,300.4,-1
26/07/2013 00:00:00,298.56,299.52,295.48,298.16,-1
29/07/2013 00:00:00,298.56,299.96,295.96,298.6,-1
30/07/2013 00:00:00,298.72,298.72,291.8,292.96,-1
31/07/2013 00:00:00,297.72,299.76,292.76,298.64,-1
01/08/2013 00:00:00,297.72,307.24,297.72,306.64,-1
02/08/2013 00:00:00,301.0,306.84,301.0,303.04,-1
05/08/2013 00:00:00,300.12,305.32,299.88,302.48,-1
06/08/2013 00:00:00,301.68,305.04,298.2,300.4,-1
07/08/2013 00:00:00,300.76,302.36,296.04,299.88,-1
08/08/2013 00:00:00,297.0,298.6,290.76,294.68,-1
09/08/2013 00:00:00,297.0,301.16,294.0,300.0,-1
12/08/2013 00:00:00,300.08,302.44,298.2,302.04,-1
13/08/2013 00:00:00,302.84,304.52,300.6,302.92,-1
14/08/2013 00:00:00,303.52,305.28,301.16,303.6,-1
15/08/2013 00:00:00,302.52,307.48,302.52,306.32,-1
16/08/2013 00:00:00,305.8,308.52,304.12,307.32,-1
19/08/2013 00:00:00,303.64,307.4,303.64,304.12,-1
20/08/2013 00:00:00,303.28,305.72,299.08,300.4,-1
21/08/2013 00:00:00,301.6,302.0,295.88,296.12,-1
22/08/2013 00:00:00,302.2,302.2,296.68,300.4,-1
23/08/2013 00:00:00,300.8,305.64,298.12,303.72,-1
26/08/2013 00:00:00,300.6,305.8,300.6,302.72,-1
27/08/2013 00:00:00,300.6,313.36,300.6,313.12,-1
28/08/2013 00:00:00,313.68,316.48,311.96,313.28,-1
29/08/2013 00:00:00,314.88,314.88,306.08,306.64,-1
30/08/2013 00:00:00,307.32,310.76,305.64,309.0,-1
03/09/2013 00:00:00,306.28,314.32,305.84,309.8,-1
04/09/2013 00:00:00,309.12,309.76,305.16,306.76,-1
05/09/2013 00:00:00,308.12,310.32,306.44,309.56,-1
06/09/2013 00:00:00,308.48,316.28,308.48,314.4,-1
09/09/2013 00:00:00,312.6,315.28,308.76,309.76,-1
10/09/2013 00:00:00,310.0,313.08,304.28,306.4,-1
11/09/2013 00:00:00,309.52,310.56,305.8,308.4,-1
12/09/2013 00:00:00,307.72,312.68,307.72,310.68,-1
13/09/2013 00:00:00,308.8,312.28,306.84,310.68,-1
16/09/2013 00:00:00,308.16,309.6,303.68,304.32,-1
17/09/2013 00:00:00,308.36,308.76,300.96,301.36,-1
18/09/2013 00:00:00,309.4,310.92,302.08,308.88,-1
19/09/2013 00:00:00,309.64,312.56,304.12,304.52,-1
20/09/2013 00:00:00,309.92,309.92,301.24,301.72,-1
23/09/2013 00:00:00,300.88,302.88,297.24,298.72,-1
24/09/2013 00:00:00,299.56,299.76,294.84,298.28,-1
25/09/2013 00:00:00,297.28,300.2,294.48,295.4,-1
26/09/2013 00:00:00,297.28,297.4,295.08,296.6,-1
27/09/2013 00:00:00,297.28,299.08,295.24,295.56,-1
30/09/2013 00:00:00,293.04,296.12,291.24,295.32,-1
01/10/2013 00:00:00,293.92,295.28,291.24,293.32,-1
02/10/2013 00:00:00,293.12,300.28,292.6,298.88,-1
03/10/2013 00:00:00,300.0,300.76,296.28,297.68,-1
04/10/2013 00:00:00,295.72,300.24,295.52,298.92,-1
07/10/2013 00:00:00,296.0,299.68,293.48,297.08,-1
08/10/2013 00:00:00,296.52,300.52,296.44,297.84,-1
09/10/2013 00:00:00,296.68,299.6,291.64,294.76,-1
10/10/2013 00:00:00,295.8,298.64,291.56,298.28,-1
11/10/2013 00:00:00,294.04,297.0,290.24,293.56,-1
14/10/2013 00:00:00,293.88,296.12,291.68,294.6,-1
15/10/2013 00:00:00,294.8,295.88,291.52,295.88,-1
16/10/2013 00:00:00,294.8,297.48,290.44,292.92,-1
17/10/2013 00:00:00,293.88,296.08,289.08,291.32,-1
18/10/2013 00:00:00,295.24,295.28,290.44,290.72,-1
21/10/2013 00:00:00,290.32,292.16,286.76,288.96,-1
22/10/2013 00:00:00,289.2,289.24,282.68,282.68,-1
23/10/2013 00:00:00,282.72,282.92,277.4,280.8,-1
24/10/2013 00:00:00,279.6,281.8,276.76,281.36,-1
25/10/2013 00:00:00,279.6,282.76,279.6,282.4,-1
28/10/2013 00:00:00,281.68,284.92,280.8,284.52,-1
29/10/2013 00:00:00,283.0,283.96,281.12,283.16,-1
30/10/2013 00:00:00,281.92,283.16,278.04,278.16,-1
31/10/2013 00:00:00,280.4,280.8,276.92,278.0,-1
01/11/2013 00:00:00,280.76,280.76,272.12,274.68,-1
04/11/2013 00:00:00,276.72,276.72,271.48,273.0,-1
05/11/2013 00:00:00,273.2,273.32,268.44,269.88,-1
06/11/2013 00:00:00,271.04,275.0,270.2,273.96,-1
07/11/2013 00:00:00,273.2,274.48,270.44,272.56,-1
08/11/2013 00:00:00,271.64,273.64,270.72,272.68,-1
11/11/2013 00:00:00,272.64,275.0,271.36,274.6,-1
12/11/2013 00:00:00,274.04,274.44,268.04,270.16,-1
13/11/2013 00:00:00,271.32,273.08,268.8,272.16,-1
14/11/2013 00:00:00,271.8,272.92,267.64,272.12,-1
15/11/2013 00:00:00,271.68,273.56,270.68,271.2,-1
18/11/2013 00:00:00,272.2,272.6,268.2,268.72,-1
19/11/2013 00:00:00,270.6,270.6,267.72,270.52,-1
20/11/2013 00:00:00,271.0,271.36,267.88,268.56,-1
21/11/2013 00:00:00,270.36,274.52,268.92,273.28,-1
22/11/2013 00:00:00,272.72,274.48,270.2,271.56,-1
25/11/2013 00:00:00,270.72,271.32,267.32,271.16,-1
26/11/2013 00:00:00,270.44,271.88,268.32,268.96,-1
27/11/2013 00:00:00,268.52,268.92,263.56,265.08,-1
29/11/2013 00:00:00,264.8,269.64,264.04,266.92,-1
02/12/2013 00:00:00,267.24,270.4,265.8,270.4,-1
03/12/2013 00:00:00,268.84,278.52,267.96,278.24,-1
04/12/2013 00:00:00,277.6,280.12,276.52,278.96,-1
05/12/2013 00:00:00,277.96,281.32,277.64,280.4,-1
06/12/2013 00:00:00,280.72,281.52,278.72,279.4,-1
09/12/2013 00:00:00,281.6,281.6,278.64,280.16,-1
10/12/2013 00:00:00,276.96,283.32,276.96,281.92,-1
11/12/2013 00:00:00,281.4,283.0,278.0,278.72,-1
12/12/2013 00:00:00,279.92,281.92,277.4,280.68,-1
13/12/2013 00:00:00,279.92,280.68,276.6,278.6,-1
16/12/2013 00:00:00,279.92,280.92,277.6,280.92,-1
17/12/2013 00:00:00,278.28,281.16,277.68,279.24,-1
18/12/2013 00:00:00,279.92,281.48,278.56,279.72,-1
19/12/2013 00:00:00,280.2,284.92,279.2,280.28,-1
20/12/2013 00:00:00,280.16,284.68,280.16,284.48,-1
23/12/2013 00:00:00,281.0,284.44,271.24,282.44,-1
24/12/2013 00:00:00,280.16,284.56,280.16,283.0,-1
26/12/2013 00:00:00,280.36,285.48,280.36,283.64,-1
27/12/2013 00:00:00,280.36,288.52,280.36,287.56,-1
30/12/2013 00:00:00,282.12,287.48,282.12,286.28,-1
31/12/2013 00:00:00,285.76,285.96,281.08,283.56,-1
02/01/2014 00:00:00,281.2,283.32,273.08,274.56,-1
03/01/2014 00:00:00,277.16,277.16,268.84,270.64,-1
06/01/2014 00:00:00,272.04,272.12,266.92,269.76,-1
07/01/2014 00:00:00,268.76,269.8,267.36,268.8,-1
08/01/2014 00:00:00,270.64,270.64,264.28,266.04,-1
09/01/2014 00:00:00,267.4,267.4,261.4,264.64,-1
10/01/2014 00:00:00,265.12,267.52,263.48,266.12,-1
13/01/2014 00:00:00,265.16,265.16,261.8,263.48,-1
14/01/2014 00:00:00,264.0,265.88,262.72,265.04,-1
15/01/2014 00:00:00,264.72,270.76,264.72,269.36,-1
16/01/2014 00:00:00,268.6,270.76,267.72,269.88,-1
17/01/2014 00:00:00,269.64,271.52,268.84,270.04,-1
21/01/2014 00:00:00,270.0,272.64,269.76,271.0,-1
22/01/2014 00:00:00,270.68,276.68,270.68,275.24,-1
23/01/2014 00:00:00,275.84,279.4,275.36,276.64,-1
24/01/2014 00:00:00,277.52,278.84,274.92,275.84,-1
27/01/2014 00:00:00,273.96,277.52,271.48,271.48,-1
28/01/2014 00:00:00,273.28,278.84,273.28,277.28,-1
29/01/2014 00:00:00,276.96,279.08,275.24,278.2,-1
30/01/2014 00:00:00,275.96,281.48,275.6,278.64,-1
31/01/2014 00:00:00,279.32,280.92,277.4,280.0,-1
03/02/2014 00:00:00,278.44,281.04,274.92,276.32,-1
04/02/2014 00:00:00,275.48,279.16,275.16,278.72,-1
05/02/2014 00:00:00,278.72,280.52,276.44,277.4,-1
06/02/2014 00:00:00,275.28,282.16,275.28,278.6,-1
07/02/2014 00:00:00,279.8,286.56,277.36,286.56,-1
10/02/2014 00:00:00,282.48,286.84,279.48,286.0,-1
11/02/2014 00:00:00,284.76,287.12,284.36,286.52,-1
12/02/2014 00:00:00,287.48,289.32,285.96,287.6,-1
13/02/2014 00:00:00,287.08,289.48,284.0,287.36,-1
14/02/2014 00:00:00,287.08,288.0,284.76,288.0,-1
18/02/2014 00:00:00,287.08,294.68,287.08,294.4,-1
19/02/2014 00:00:00,295.92,296.36,292.76,294.36,-1
20/02/2014 00:00:00,296.4,296.4,293.56,294.4,-1
21/02/2014 00:00:00,295.4,295.44,291.88,294.0,-1
24/02/2014 00:00:00,289.96,297.28,289.96,295.24,-1
25/02/2014 00:00:00,289.68,294.96,289.68,292.08,-1
26/02/2014 00:00:00,294.56,295.56,291.28,293.96,-1
27/02/2014 00:00:00,294.56,297.64,291.36,293.16,-1
28/02/2014 00:00:00,294.56,297.48,291.64,294.72,-1
03/03/2014 00:00:00,294.64,301.96,291.48,299.28,-1
04/03/2014 00:00:00,294.04,298.32,293.64,294.92,-1
05/03/2014 00:00:00,293.4,296.6,289.48,293.72,-1
06/03/2014 00:00:00,296.0,296.4,287.4,291.72,-1
07/03/2014 00:00:00,291.8,296.44,291.48,295.68,-1
10/03/2014 00:00:00,289.64,297.44,288.88,289.28,-1
11/03/2014 00:00:00,287.56,291.24,285.12,285.2,-1
12/03/2014 00:00:00,288.0,288.0,280.36,282.48,-1
13/03/2014 00:00:00,282.0,283.4,281.0,282.8,-1
14/03/2014 00:00:00,278.88,285.4,278.88,285.28,-1
17/03/2014 00:00:00,285.6,285.6,278.6,282.0,-1
18/03/2014 00:00:00,279.6,285.4,279.6,283.04,-1
19/03/2014 00:00:00,281.6,286.2,280.12,285.44,-1
20/03/2014 00:00:00,281.6,286.76,281.6,285.68,-1
21/03/2014 00:00:00,281.6,289.08,280.56,288.32,-1
24/03/2014 00:00:00,282.96,289.2,282.96,288.16,-1
25/03/2014 00:00:00,288.0,289.08,281.16,284.4,-1
26/03/2014 00:00:00,282.0,289.64,282.0,288.84,-1
27/03/2014 00:00:00,287.6,293.24,287.6,292.88,-1
28/03/2014 00:00:00,292.2,294.76,291.92,293.68,-1
31/03/2014 00:00:00,294.48,294.48,290.92,291.84,-1
01/04/2014 00:00:00,293.2,294.0,286.28,287.28,-1
02/04/2014 00:00:00,290.8,291.04,285.04,291.04,-1
03/04/2014 00:00:00,287.0,289.68,285.6,289.6,-1
04/04/2014 00:00:00,289.32,292.92,289.32,290.0,-1
07/04/2014 00:00:00,290.8,292.04,288.04,290.64,-1
08/04/2014 00:00:00,289.36,296.04,289.36,295.0,-1
09/04/2014 00:00:00,294.4,299.48,294.32,298.44,-1
10/04/2014 00:00:00,296.92,299.08,295.8,297.0,-1
11/04/2014 00:00:00,296.4,300.36,295.36,298.16,-1
14/04/2014 00:00:00,300.92,301.96,297.8,298.6,-1
15/04/2014 00:00:00,299.48,300.36,297.24,299.72,-1
16/04/2014 00:00:00,299.76,302.8,298.0,299.56,-1
17/04/2014 00:00:00,299.6,302.28,298.88,301.92,-1
21/04/2014 00:00:00,300.64,302.12,299.52,302.0,-1
22/04/2014 00:00:00,300.64,301.28,295.28,296.52,-1
23/04/2014 00:00:00,298.32,298.56,294.36,295.24,-1
24/04/2014 00:00:00,295.44,297.72,294.88,296.28,-1
25/04/2014 00:00:00,294.4,297.0,292.28,293.52,-1
28/04/2014 00:00:00,294.16,296.52,291.88,293.04,-1
29/04/2014 00:00:00,293.2,297.24,292.72,294.68,-1
30/04/2014 00:00:00,295.2,295.2,288.92,290.76,-1
01/05/2014 00:00:00,290.0,290.52,287.2,290.04,-1
02/05/2014 00:00:00,288.6,291.6,287.8,289.68,-1
05/05/2014 00:00:00,288.6,292.2,287.72,288.16,-1
06/05/2014 00:00:00,287.56,291.96,287.56,290.32,-1
07/05/2014 00:00:00,289.92,293.56,289.92,292.0,-1
08/05/2014 00:00:00,292.2,292.72,289.96,292.4,-1
09/05/2014 00:00:00,292.76,294.24,290.28,290.64,-1
12/05/2014 00:00:00,289.96,293.72,289.96,291.6,-1
13/05/2014 00:00:00,291.56,297.2,291.56,296.92,-1
14/05/2014 00:00:00,294.8,298.76,294.8,297.36,-1
15/05/2014 00:00:00,297.6,298.08,295.4,297.0,-1
16/05/2014 00:00:00,296.4,298.96,295.84,298.28,-1
19/05/2014 00:00:00,296.4,300.28,296.4,298.92,-1
20/05/2014 00:00:00,299.4,301.64,297.96,299.84,-1
21/05/2014 00:00:00,299.4,305.48,299.4,303.48,-1
22/05/2014 00:00:00,304.4,306.0,303.4,306.0,-1
23/05/2014 00:00:00,304.4,306.6,304.0,304.64,-1
27/05/2014 00:00:00,306.48,306.6,303.4,305.32,-1
28/05/2014 00:00:00,304.28,306.48,300.68,302.44,-1
29/05/2014 00:00:00,305.2,305.2,300.64,304.92,-1
30/05/2014 00:00:00,303.6,303.84,299.96,302.4,-1
02/06/2014 00:00:00,302.0,302.2,299.08,300.64,-1
03/06/2014 00:00:00,300.0,301.52,299.36,300.0,-1
04/06/2014 00:00:00,300.0,303.72,299.12,299.4,-1
05/06/2014 00:00:00,301.2,301.2,297.6,301.16,-1
06/06/2014 00:00:00,300.4,301.76,299.64,300.4,-1
09/06/2014 00:00:00,302.44,306.12,301.08,304.24,-1
10/06/2014 00:00:00,303.6,307.56,303.6,305.44,-1
11/06/2014 00:00:00,304.0,306.84,304.0,305.44,-1
12/06/2014 00:00:00,307.4,314.72,306.44,314.72,-1
13/06/2014 00:00:00,315.16,315.16,311.68,312.56,-1
16/06/2014 00:00:00,323.96,324.08,312.8,313.28,-1
17/06/2014 00:00:00,312.72,314.76,311.16,312.68,-1
18/06/2014 00:00:00,311.28,313.72,310.92,312.6,-1
19/06/2014 00:00:00,311.52,313.88,310.2,311.72,-1
20/06/2014 00:00:00,312.36,315.6,312.04,315.4,-1
23/06/2014 00:00:00,324.8,324.92,310.28,311.4,-1
24/06/2014 00:00:00,317.56,321.28,306.8,315.2,-1
25/06/2014 00:00:00,313.2,315.24,311.16,315.24,-1
26/06/2014 00:00:00,314.0,314.72,309.96,312.48,-1
27/06/2014 00:00:00,311.6,313.32,310.76,311.24,-1
30/06/2014 00:00:00,312.4,312.4,305.56,311.0,-1
01/07/2014 00:00:00,305.6,313.0,305.6,311.48,-1
02/07/2014 00:00:00,310.08,311.24,306.64,307.04,-1
03/07/2014 00:00:00,308.28,308.32,305.76,306.92,-1
07/07/2014 00:00:00,308.2,308.2,304.44,306.08,-1
08/07/2014 00:00:00,305.64,307.4,303.88,305.6,-1
09/07/2014 00:00:00,305.28,305.28,300.6,302.52,-1
10/07/2014 00:00:00,303.2,303.88,299.56,303.48,-1
11/07/2014 00:00:00,303.16,303.8,296.28,297.68,-1
14/07/2014 00:00:00,297.68,298.76,295.72,298.6,-1
15/07/2014 00:00:00,295.6,297.68,292.6,295.76,-1
16/07/2014 00:00:00,294.4,299.12,294.4,298.72,-1
17/07/2014 00:00:00,300.2,305.12,299.88,304.0,-1
18/07/2014 00:00:00,303.88,304.88,301.08,302.76,-1
21/07/2014 00:00:00,302.8,305.32,301.04,305.2,-1
22/07/2014 00:00:00,302.8,306.04,302.8,304.28,-1
23/07/2014 00:00:00,303.04,306.36,302.24,305.28,-1
24/07/2014 00:00:00,290.4,305.84,290.4,301.44,-1
25/07/2014 00:00:00,302.4,303.96,299.4,302.44,-1
28/07/2014 00:00:00,301.56,302.52,299.16,300.36,-1
29/07/2014 00:00:00,301.56,301.84,297.56,299.2,-1
30/07/2014 00:00:00,299.12,301.4,294.84,296.76,-1
31/07/2014 00:00:00,297.8,297.8,289.52,290.16,-1
01/08/2014 00:00:00,290.08,290.64,287.84,289.16,-1
04/08/2014 00:00:00,289.28,292.56,288.84,292.56,-1
05/08/2014 00:00:00,290.72,292.48,287.56,290.32,-1
06/08/2014 00:00:00,289.28,290.84,286.68,288.96,-1
07/08/2014 00:00:00,288.32,290.12,286.36,289.56,-1
08/08/2014 00:00:00,290.56,290.76,287.8,289.6,-1
11/08/2014 00:00:00,289.68,291.72,288.72,290.24,-1
12/08/2014 00:00:00,288.44,290.44,286.44,288.2,-1
13/08/2014 00:00:00,288.2,289.32,286.28,288.16,-1
14/08/2014 00:00:00,286.72,288.76,280.32,282.36,-1
15/08/2014 00:00:00,282.0,284.84,280.64,284.72,-1
18/08/2014 00:00:00,281.72,282.68,279.08,281.44,-1
19/08/2014 00:00:00,281.24,281.52,276.68,277.16,-1
20/08/2014 00:00:00,277.6,279.4,277.44,279.2,-1
21/08/2014 00:00:00,278.4,282.04,276.6,280.8,-1
22/08/2014 00:00:00,281.24,281.24,277.56,279.48,-1
25/08/2014 00:00:00,279.08,280.48,277.88,278.16,-1
26/08/2014 00:00:00,278.28,281.72,278.28,281.0,-1
27/08/2014 00:00:00,279.84,281.36,278.84,280.6,-1
28/08/2014 00:00:00,279.4,283.4,278.8,282.72,-1
29/08/2014 00:00:00,282.6,286.72,282.6,285.96,-1
02/09/2014 00:00:00,284.44,285.68,276.76,278.88,-1
03/09/2014 00:00:00,279.12,286.04,278.2,284.6,-1
04/09/2014 00:00:00,281.96,285.92,281.08,282.16,-1
05/09/2014 00:00:00,281.6,283.92,277.32,280.96,-1
08/09/2014 00:00:00,280.64,281.24,274.08,277.56,-1
09/09/2014 00:00:00,277.56,280.08,276.04,277.24,-1
10/09/2014 00:00:00,276.6,277.4,272.12,273.2,-1
11/09/2014 00:00:00,273.64,278.44,269.88,277.64,-1
12/09/2014 00:00:00,277.04,279.04,274.44,276.28,-1
15/09/2014 00:00:00,273.16,277.52,272.08,276.4,-1
16/09/2014 00:00:00,276.68,283.4,275.64,282.32,-1
17/09/2014 00:00:00,279.32,283.28,279.24,280.2,-1
18/09/2014 00:00:00,282.12,282.28,274.96,276.36,-1
19/09/2014 00:00:00,278.08,278.08,274.52,276.08,-1
22/09/2014 00:00:00,277.4,277.4,272.28,273.44,-1
23/09/2014 00:00:00,276.32,277.32,273.4,274.64,-1
24/09/2014 00:00:00,274.8,280.92,274.44,279.36,-1
25/09/2014 00:00:00,280.64,281.6,277.16,279.52,-1
26/09/2014 00:00:00,279.8,282.6,277.84,282.12,-1
29/09/2014 00:00:00,281.08,284.92,279.52,284.2,-1
30/09/2014 00:00:00,282.4,285.6,273.64,274.8,-1
01/10/2014 00:00:00,274.8,279.88,272.44,273.8,-1
02/10/2014 00:00:00,270.72,275.64,265.52,275.08,-1
03/10/2014 00:00:00,275.08,275.08,268.64,269.48,-1
06/10/2014 00:00:00,270.24,273.16,267.32,271.72,-1
07/10/2014 00:00:00,272.0,272.24,266.32,267.64,-1
08/10/2014 00:00:00,265.0,266.08,261.56,264.36,-1
09/10/2014 00:00:00,263.6,264.84,253.28,254.64,-1
10/10/2014 00:00:00,253.8,259.8,252.68,258.16,-1
13/10/2014 00:00:00,254.08,258.52,253.4,256.68,-1
14/10/2014 00:00:00,255.68,257.16,245.08,248.56,-1
15/10/2014 00:00:00,242.08,248.04,241.16,243.64,-1
16/10/2014 00:00:00,242.52,255.32,240.44,250.0,-1
17/10/2014 00:00:00,248.88,254.08,248.28,249.8,-1
20/10/2014 00:00:00,251.56,251.6,245.32,249.12,-1
21/10/2014 00:00:00,249.96,252.76,247.08,251.12,-1
22/10/2014 00:00:00,250.88,252.44,243.64,244.0,-1
23/10/2014 00:00:00,243.2,250.04,243.2,248.76,-1
24/10/2014 00:00:00,247.2,247.64,244.04,246.16,-1
27/10/2014 00:00:00,246.32,246.48,241.12,244.64,-1
28/10/2014 00:00:00,243.32,247.76,243.32,246.16,-1
29/10/2014 00:00:00,246.2,251.56,246.2,248.92,-1
30/10/2014 00:00:00,251.2,251.24,245.08,246.68,-1
31/10/2014 00:00:00,248.16,248.16,241.52,245.6,-1
03/11/2014 00:00:00,243.12,245.84,237.12,237.88,-1
04/11/2014 00:00:00,234.08,236.0,230.52,234.8,-1
05/11/2014 00:00:00,233.56,240.84,232.4,239.32,-1
06/11/2014 00:00:00,238.32,239.6,234.12,236.44,-1
07/11/2014 00:00:00,237.0,241.0,236.2,239.84,-1
10/11/2014 00:00:00,240.64,242.12,234.2,235.36,-1
11/11/2014 00:00:00,233.44,236.76,232.2,235.08,-1
12/11/2014 00:00:00,237.52,237.52,232.68,233.08,-1
13/11/2014 00:00:00,233.0,233.52,224.84,225.88,-1
14/11/2014 00:00:00,226.84,231.56,223.84,231.08,-1
17/11/2014 00:00:00,227.76,230.2,226.96,229.0,-1
18/11/2014 00:00:00,228.8,232.16,225.28,225.76,-1
19/11/2014 00:00:00,227.2,228.92,224.84,226.48,-1
20/11/2014 00:00:00,228.04,232.72,225.28,232.44,-1
21/11/2014 00:00:00,232.4,236.12,229.6,232.4,-1
24/11/2014 00:00:00,232.64,233.8,229.24,229.56,-1
25/11/2014 00:00:00,229.28,232.52,223.84,224.4,-1
26/11/2014 00:00:00,225.56,226.08,222.24,223.04,-1
28/11/2014 00:00:00,208.52,211.32,200.04,203.4,-1
01/12/2014 00:00:00,198.44,211.08,196.0,208.56,-1
02/12/2014 00:00:00,210.0,210.0,202.52,205.32,-1
03/12/2014 00:00:00,205.48,207.08,202.84,205.6,-1
04/12/2014 00:00:00,205.72,206.16,200.64,202.92,-1
05/12/2014 00:00:00,202.48,202.88,197.88,199.6,-1
08/12/2014 00:00:00,198.0,199.28,189.72,190.88,-1
09/12/2014 00:00:00,191.48,194.6,189.88,192.12,-1
10/12/2014 00:00:00,190.72,191.28,183.6,187.04,-1
11/12/2014 00:00:00,186.28,187.6,179.24,179.44,-1
12/12/2014 00:00:00,179.84,180.88,174.52,175.12,-1
15/12/2014 00:00:00,177.08,178.6,167.8,169.24,-1
16/12/2014 00:00:00,166.4,173.88,163.4,169.16,-1
17/12/2014 00:00:00,168.76,179.4,165.84,171.44,-1
18/12/2014 00:00:00,171.8,207.6,164.36,166.6,-1
19/12/2014 00:00:00,166.48,176.76,165.56,175.56,-1
22/12/2014 00:00:00,177.76,179.8,166.92,168.2,-1
23/12/2014 00:00:00,169.52,174.2,166.72,172.52,-1
24/12/2014 00:00:00,171.88,172.52,166.68,168.76,-1
26/12/2014 00:00:00,169.96,196.48,165.08,166.16,-1
29/12/2014 00:00:00,168.2,203.12,160.2,162.24,-1
30/12/2014 00:00:00,160.76,164.36,159.96,162.88,-1
31/12/2014 00:00:00,163.68,163.68,158.76,163.0,-1
02/01/2015 00:00:00,162.32,191.0,157.56,159.64,-1
05/01/2015 00:00:00,156.8,158.2,150.36,151.36,-1
06/01/2015 00:00:00,149.48,150.32,144.04,145.68,-1
07/01/2015 00:00:00,142.88,149.16,141.84,147.4,-1
08/01/2015 00:00:00,148.48,190.24,144.52,149.44,-1
09/01/2015 00:00:00,147.92,148.32,142.92,145.96,-1
12/01/2015 00:00:00,144.32,144.36,138.36,138.4,-1
13/01/2015 00:00:00,136.16,141.88,134.24,140.12,-1
14/01/2015 00:00:00,138.0,149.4,137.08,146.44,-1
15/01/2015 00:00:00,144.44,154.8,139.04,139.36,-1
16/01/2015 00:00:00,141.52,147.64,140.88,146.32,-1
20/01/2015 00:00:00,142.88,144.32,121.64,139.96,-1
21/01/2015 00:00:00,141.28,144.2,139.44,141.76,-1
22/01/2015 00:00:00,141.8,146.92,137.32,141.28,-1
23/01/2015 00:00:00,140.76,141.16,135.56,135.96,-1
26/01/2015 00:00:00,134.76,177.24,124.72,135.28,-1
27/01/2015 00:00:00,135.92,139.24,134.56,136.52,-1
28/01/2015 00:00:00,136.32,137.56,132.04,133.04,-1
29/01/2015 00:00:00,133.08,134.52,130.44,133.64,-1
30/01/2015 00:00:00,133.36,144.52,132.64,142.36,-1
02/02/2015 00:00:00,140.84,151.08,134.64,150.0,-1
03/02/2015 00:00:00,151.76,162.28,150.64,155.76,-1
04/02/2015 00:00:00,155.6,156.2,143.64,146.4,-1
05/02/2015 00:00:00,145.72,155.8,143.6,152.08,-1
06/02/2015 00:00:00,156.04,159.0,152.48,155.48,-1
09/02/2015 00:00:00,154.64,186.0,153.68,156.96,-1
10/02/2015 00:00:00,156.48,157.28,149.4,152.12,-1
11/02/2015 00:00:00,151.08,151.48,144.08,148.36,-1
12/02/2015 00:00:00,149.96,154.44,148.84,153.48,-1
13/02/2015 00:00:00,155.24,159.8,154.4,157.2,-1
17/02/2015 00:00:00,158.88,161.48,151.96,158.68,-1
18/02/2015 00:00:00,157.76,158.6,149.96,150.96,-1
19/02/2015 00:00:00,149.68,155.0,146.56,152.88,-1
20/02/2015 00:00:00,153.0,154.28,149.04,149.4,-1
23/02/2015 00:00:00,148.32,148.68,143.24,145.68,-1
24/02/2015 00:00:00,144.28,147.96,143.52,144.84,-1
25/02/2015 00:00:00,144.84,150.76,142.6,149.4,-1
26/02/2015 00:00:00,149.28,150.0,140.68,144.04,-1
27/02/2015 00:00:00,144.8,146.76,142.6,144.84,-1
02/03/2015 00:00:00,145.28,182.32,143.32,146.8,-1
03/03/2015 00:00:00,146.92,149.4,145.44,148.36,-1
04/03/2015 00:00:00,148.84,152.76,145.88,151.68,-1
05/03/2015 00:00:00,152.24,153.88,148.92,149.68,-1
06/03/2015 00:00:00,150.88,150.88,143.8,146.12,-1
09/03/2015 00:00:00,146.04,149.08,144.84,146.68,-1
10/03/2015 00:00:00,147.36,147.36,141.96,143.56,-1
11/03/2015 00:00:00,144.04,144.04,139.56,142.44,-1
12/03/2015 00:00:00,141.76,143.68,138.68,139.24,-1
13/03/2015 00:00:00,139.84,140.08,133.32,134.08,-1
16/03/2015 00:00:00,133.2,133.72,128.04,130.68,-1
17/03/2015 00:00:00,130.28,130.28,125.72,126.56,-1
18/03/2015 00:00:00,126.6,134.6,124.92,132.36,-1
19/03/2015 00:00:00,129.84,130.68,127.0,129.24,-1
20/03/2015 00:00:00,128.28,134.36,127.2,131.48,-1
23/03/2015 00:00:00,129.92,135.0,128.68,134.52,-1
24/03/2015 00:00:00,134.16,137.64,132.56,134.48,-1
25/03/2015 00:00:00,134.52,140.2,133.68,138.68,-1
26/03/2015 00:00:00,144.88,148.48,141.24,145.0,-1
27/03/2015 00:00:00,143.8,144.84,136.76,137.0,-1
30/03/2015 00:00:00,136.56,139.32,135.08,137.84,-1
31/03/2015 00:00:00,136.2,137.96,134.28,135.04,-1
01/04/2015 00:00:00,135.44,143.0,133.48,140.6,-1
02/04/2015 00:00:00,141.88,142.52,136.52,140.16,-1
06/04/2015 00:00:00,143.76,148.04,141.56,147.16,-1
07/04/2015 00:00:00,146.2,153.4,145.12,149.96,-1
08/04/2015 00:00:00,149.8,150.6,143.12,144.84,-1
09/04/2015 00:00:00,144.2,147.96,143.84,144.56,-1
10/04/2015 00:00:00,143.52,147.92,142.64,147.72,-1
13/04/2015 00:00:00,148.76,150.76,146.68,148.16,-1
14/04/2015 00:00:00,149.36,152.2,147.84,151.12,-1
15/04/2015 00:00:00,152.2,159.24,151.56,157.72,-1
16/04/2015 00:00:00,157.32,161.72,155.64,159.56,-1
17/04/2015 00:00:00,159.24,160.52,156.44,158.76,-1
20/04/2015 00:00:00,157.96,161.24,155.28,159.32,-1
21/04/2015 00:00:00,158.36,159.64,154.44,155.36,-1
22/04/2015 00:00:00,153.8,157.24,153.6,154.84,-1
23/04/2015 00:00:00,154.36,160.6,153.12,158.28,-1
24/04/2015 00:00:00,158.52,159.32,155.4,157.44,-1
27/04/2015 00:00:00,156.2,159.16,155.48,156.0,-1
28/04/2015 00:00:00,155.2,159.0,154.88,156.52,-1
29/04/2015 00:00:00,156.84,163.16,155.52,161.16,-1
30/04/2015 00:00:00,162.72,164.52,160.76,164.0,-1
01/05/2015 00:00:00,163.8,164.44,160.44,163.12,-1
04/05/2015 00:00:00,163.64,164.28,160.84,161.76,-1
05/05/2015 00:00:00,162.0,167.96,161.88,167.08,-1
06/05/2015 00:00:00,168.36,171.96,165.96,166.16,-1
07/05/2015 00:00:00,169.56,169.56,160.84,161.92,-1
08/05/2015 00:00:00,163.48,164.44,159.8,163.36,-1
11/05/2015 00:00:00,165.36,165.44,161.48,162.92,-1
12/05/2015 00:00:00,163.12,168.56,163.12,168.0,-1
13/05/2015 00:00:00,168.4,169.56,164.84,165.12,-1
14/05/2015 00:00:00,164.68,167.08,163.24,164.24,-1
15/05/2015 00:00:00,163.08,164.36,160.44,164.16,-1
18/05/2015 00:00:00,165.36,166.12,161.8,163.04,-1
19/05/2015 00:00:00,162.0,162.04,156.68,158.0,-1
20/05/2015 00:00:00,157.92,159.56,157.24,158.84,-1
21/05/2015 00:00:00,159.44,164.68,159.44,164.12,-1
22/05/2015 00:00:00,163.4,163.84,160.48,161.52,-1
26/05/2015 00:00:00,161.36,161.4,156.04,157.76,-1
27/05/2015 00:00:00,157.92,159.32,155.16,155.92,-1
28/05/2015 00:00:00,155.52,157.56,152.76,156.84,-1
29/05/2015 00:00:00,188.44,188.44,148.32,161.72,-1
01/06/2015 00:00:00,161.48,163.8,160.36,162.68,-1
02/06/2015 00:00:00,163.04,166.36,163.04,164.72,-1
03/06/2015 00:00:00,164.36,165.84,160.44,161.28,-1
04/06/2015 00:00:00,160.52,161.96,156.44,156.64,-1
05/06/2015 00:00:00,155.76,159.96,153.64,158.8,-1
08/06/2015 00:00:00,158.4,159.4,156.44,157.2,-1
09/06/2015 00:00:00,157.6,163.88,157.44,163.44,-1
10/06/2015 00:00:00,164.24,166.88,163.4,165.0,-1
11/06/2015 00:00:00,165.56,166.2,162.68,163.96,-1
12/06/2015 00:00:00,163.0,163.24,161.48,162.04,-1
15/06/2015 00:00:00,163.84,164.96,158.84,161.28,-1
16/06/2015 00:00:00,164.72,164.72,160.6,161.96,-1
17/06/2015 00:00:00,164.52,165.76,159.24,161.12,-1
18/06/2015 00:00:00,161.84,164.44,161.4,163.04,-1
19/06/2015 00:00:00,162.92,163.36,158.92,160.28,-1
22/06/2015 00:00:00,162.16,162.48,159.0,161.32,-1
23/06/2015 00:00:00,161.52,164.52,159.72,163.72,-1
24/06/2015 00:00:00,163.8,165.08,160.36,161.48,-1
25/06/2015 00:00:00,161.48,162.04,159.4,160.04,-1
26/06/2015 00:00:00,160.2,160.76,157.64,159.96,-1
29/06/2015 00:00:00,158.16,158.92,155.68,156.2,-1
30/06/2015 00:00:00,156.04,159.96,156.04,158.24,-1
01/07/2015 00:00:00,157.44,158.16,152.04,152.76,-1
02/07/2015 00:00:00,153.52,155.32,151.48,151.76,-1
06/07/2015 00:00:00,151.92,151.92,140.6,141.68,-1
07/07/2015 00:00:00,142.2,143.24,135.64,141.4,-1
08/07/2015 00:00:00,138.76,141.64,136.6,139.16,-1
09/07/2015 00:00:00,140.0,143.56,139.68,141.64,-1
10/07/2015 00:00:00,143.52,143.6,139.4,141.8,-1
13/07/2015 00:00:00,138.96,142.6,138.44,139.12,-1
14/07/2015 00:00:00,137.12,143.68,136.84,142.8,-1
15/07/2015 00:00:00,142.4,142.4,137.24,138.32,-1
16/07/2015 00:00:00,138.08,139.68,136.04,136.36,-1
17/07/2015 00:00:00,138.04,138.08,134.28,135.92,-1
20/07/2015 00:00:00,136.12,137.04,133.32,133.76,-1
21/07/2015 00:00:00,134.08,136.6,133.16,134.68,-1
22/07/2015 00:00:00,133.92,134.44,130.44,131.08,-1
23/07/2015 00:00:00,130.92,131.88,128.2,129.68,-1
24/07/2015 00:00:00,129.36,130.32,126.92,127.88,-1
27/07/2015 00:00:00,127.88,127.88,124.76,125.16,-1
28/07/2015 00:00:00,125.24,128.76,124.32,127.2,-1
29/07/2015 00:00:00,126.32,131.56,126.0,130.12,-1
30/07/2015 00:00:00,129.68,131.2,128.52,128.96,-1
31/07/2015 00:00:00,127.68,129.24,124.24,124.52,-1
03/08/2015 00:00:00,124.88,124.88,119.88,120.6,-1
04/08/2015 00:00:00,121.52,122.84,120.84,122.0,-1
05/08/2015 00:00:00,122.8,124.12,119.24,120.04,-1
06/08/2015 00:00:00,119.84,119.92,117.48,119.0,-1
07/08/2015 00:00:00,119.72,119.88,116.12,116.52,-1
10/08/2015 00:00:00,116.84,119.88,115.88,119.48,-1
11/08/2015 00:00:00,118.76,120.52,114.2,115.64,-1
12/08/2015 00:00:00,115.88,116.92,114.28,115.64,-1
13/08/2015 00:00:00,115.88,116.48,111.0,112.12,-1
14/08/2015 00:00:00,112.32,114.12,111.8,112.04,-1
17/08/2015 00:00:00,111.6,113.24,110.92,111.12,-1
18/08/2015 00:00:00,110.68,113.64,110.0,112.16,-1
19/08/2015 00:00:00,112.84,113.16,107.0,107.8,-1
20/08/2015 00:00:00,107.32,109.56,106.2,107.48,-1
21/08/2015 00:00:00,107.4,108.52,104.52,105.88,-1
24/08/2015 00:00:00,103.64,103.64,99.0,100.56,-1
25/08/2015 00:00:00,102.28,104.52,101.56,102.96,-1
26/08/2015 00:00:00,103.24,104.4,101.0,102.92,-1
27/08/2015 00:00:00,105.48,112.36,104.36,111.44,-1
28/08/2015 00:00:00,112.2,120.2,109.52,118.92,-1
31/08/2015 00:00:00,117.32,129.16,114.28,124.96,-1
01/09/2015 00:00:00,124.2,128.04,115.08,115.64,-1
02/09/2015 00:00:00,116.4,122.52,113.32,121.16,-1
03/09/2015 00:00:00,120.16,126.76,119.76,122.68,-1
04/09/2015 00:00:00,121.56,123.6,119.72,120.48,-1
08/09/2015 00:00:00,116.32,121.56,116.32,119.76,-1
09/09/2015 00:00:00,119.8,121.08,115.44,115.8,-1
10/09/2015 00:00:00,117.48,120.36,115.48,119.08,-1
11/09/2015 00:00:00,118.28,118.84,115.56,117.48,-1
14/09/2015 00:00:00,116.92,116.92,114.04,115.48,-1
15/09/2015 00:00:00,115.8,117.96,114.76,117.72,-1
16/09/2015 00:00:00,118.0,123.84,117.72,123.32,-1
17/09/2015 00:00:00,121.8,124.28,120.84,121.8,-1
18/09/2015 00:00:00,121.4,122.36,115.4,117.2,-1
21/09/2015 00:00:00,117.72,121.48,117.16,120.16,-1
22/09/2015 00:00:00,118.84,120.6,117.32,119.68,-1
23/09/2015 00:00:00,120.8,121.88,114.84,115.68,-1
24/09/2015 00:00:00,115.84,116.76,113.08,116.24,-1
25/09/2015 00:00:00,117.0,119.8,115.84,117.76,-1
28/09/2015 00:00:00,117.32,118.0,114.6,115.24,-1
29/09/2015 00:00:00,115.72,118.12,115.32,116.2,-1
30/09/2015 00:00:00,116.64,118.52,115.72,117.24,-1
01/10/2015 00:00:00,116.84,121.72,115.48,116.72,-1
02/10/2015 00:00:00,117.16,118.64,113.72,118.36,-1
05/10/2015 00:00:00,118.44,121.24,118.44,119.84,-1
06/10/2015 00:00:00,119.76,126.92,118.56,126.16,-1
07/10/2015 00:00:00,125.92,128.48,123.4,124.84,-1
08/10/2015 00:00:00,125.2,129.32,123.72,128.36,-1
09/10/2015 00:00:00,129.2,131.44,127.08,128.04,-1
12/10/2015 00:00:00,128.72,129.36,121.64,122.6,-1
13/10/2015 00:00:00,123.4,125.0,119.96,120.8,-1
14/10/2015 00:00:00,120.76,121.24,118.84,119.56,-1
15/10/2015 00:00:00,119.24,121.44,117.08,121.08,-1
16/10/2015 00:00:00,121.12,122.6,119.24,122.12,-1
19/10/2015 00:00:00,121.84,121.84,118.2,118.96,-1
20/10/2015 00:00:00,118.64,119.88,116.92,117.44,-1
21/10/2015 00:00:00,116.96,117.32,114.76,115.6,-1
22/10/2015 00:00:00,116.0,117.8,114.84,115.96,-1
23/10/2015 00:00:00,117.08,117.08,113.08,114.16,-1
26/10/2015 00:00:00,114.2,115.36,111.56,112.2,-1
27/10/2015 00:00:00,111.56,111.8,108.92,110.76,-1
28/10/2015 00:00:00,110.52,118.12,110.16,117.6,-1
29/10/2015 00:00:00,117.12,119.48,115.44,116.8,-1
30/10/2015 00:00:00,118.28,120.12,116.24,118.4,-1
02/11/2015 00:00:00,117.52,119.4,116.44,118.12,-1
03/11/2015 00:00:00,118.76,123.56,117.76,121.92,-1
04/11/2015 00:00:00,122.12,123.36,118.04,118.96,-1
05/11/2015 00:00:00,118.72,119.32,115.4,115.96,-1
06/11/2015 00:00:00,116.08,116.64,112.84,114.52,-1
09/11/2015 00:00:00,114.0,115.28,111.64,112.64,-1
10/11/2015 00:00:00,112.8,114.28,111.44,111.92,-1
11/11/2015 00:00:00,111.72,112.8,109.16,110.16,-1
12/11/2015 00:00:00,110.2,110.64,106.6,107.2,-1
13/11/2015 00:00:00,107.48,108.2,103.32,104.68,-1
16/11/2015 00:00:00,104.8,107.4,102.52,106.84,-1
17/11/2015 00:00:00,107.0,107.16,103.48,104.6,-1
18/11/2015 00:00:00,105.04,106.0,102.68,104.64,-1
19/11/2015 00:00:00,105.4,105.76,102.56,104.12,-1
20/11/2015 00:00:00,104.2,106.2,102.84,103.56,-1
23/11/2015 00:00:00,101.32,106.2,100.44,104.36,-1
24/11/2015 00:00:00,105.44,107.96,104.04,106.36,-1
25/11/2015 00:00:00,105.92,107.32,103.72,107.04,-1
27/11/2015 00:00:00,105.12,105.6,103.56,103.88,-1
30/11/2015 00:00:00,103.2,105.8,103.2,103.8,-1
01/12/2015 00:00:00,104.0,104.84,102.36,103.8,-1
02/12/2015 00:00:00,103.92,104.2,99.08,99.92,-1
03/12/2015 00:00:00,100.4,103.72,99.64,102.56,-1
04/12/2015 00:00:00,102.44,104.28,98.36,99.64,-1
07/12/2015 00:00:00,99.28,99.28,93.24,93.84,-1
08/12/2015 00:00:00,94.08,95.72,91.08,94.4,-1
09/12/2015 00:00:00,94.2,96.44,91.48,93.0,-1
10/12/2015 00:00:00,92.6,93.08,90.68,91.24,-1
11/12/2015 00:00:00,91.04,91.88,87.76,88.52,-1
14/12/2015 00:00:00,88.12,90.44,86.04,89.52,-1
15/12/2015 00:00:00,89.68,93.16,89.08,90.68,-1
16/12/2015 00:00:00,90.28,91.72,87.08,88.16,-1
17/12/2015 00:00:00,87.36,88.2,85.72,85.76,-1
18/12/2015 00:00:00,85.92,87.96,85.0,85.36,-1
21/12/2015 00:00:00,85.52,85.96,84.2,85.68,-1
22/12/2015 00:00:00,86.32,87.04,84.92,86.68,-1
23/12/2015 00:00:00,86.92,90.28,86.52,90.16,-1
24/12/2015 00:00:00,89.88,91.08,89.08,90.32,-1
28/12/2015 00:00:00,89.88,89.88,87.16,87.4,-1
29/12/2015 00:00:00,87.56,90.28,87.56,88.52,-1
30/12/2015 00:00:00,88.2,88.44,86.68,87.36,-1
31/12/2015 00:00:00,87.64,89.88,86.28,88.2,-1
